"(PDH-TSV 4.0) (Hora estándar romance)(-60)"	"\\GI-AN-B3_06\Disco físico(0 D: C:)\% de tiempo de disco"	"\\GI-AN-B3_06\Disco físico(0 D: C:)\% de tiempo inactivo"	"\\GI-AN-B3_06\Disco físico(0 D: C:)\Longitud promedio de la cola de disco"	"\\GI-AN-B3_06\Disco físico(0 D: C:)\Promedio de bytes de disco/transferencia"	"\\GI-AN-B3_06\Disco físico(0 D: C:)\Promedio de segundos de disco/transferencia"	"\\GI-AN-B3_06\Disco físico(0 D: C:)\Transferencias de disco/s"	"\\GI-AN-B3_06\Interfaz de red(Controladora Realtek PCIe GBE Family)\Ancho de banda actual"	"\\GI-AN-B3_06\Interfaz de red(Controladora Realtek PCIe GBE Family)\Total de bytes/s"	"\\GI-AN-B3_06\Memoria\Bytes de caché"	"\\GI-AN-B3_06\Memoria\Bytes disponibles"	"\\GI-AN-B3_06\Memoria\Páginas/s"	"\\GI-AN-B3_06\Procesador(_Total)\% de tiempo de procesador"
"01/09/2019 11:32:52.421"	" "	" "	" "	" "	" "	" "	"1000000000"	" "	"132067328"	"7171264512"	" "	" "
"01/09/2019 11:32:53.396"	"0.071765179411923313"	"98.256782783410429"	"0.00071765179411923308"	"4096"	"0.00034999526816663113"	"2.0574806301708293"	"1000000000"	"0"	"132071424"	"7171190784"	"0"	"1.4830684412213468"
"01/09/2019 11:32:54.406"	"0.089125553543958805"	"96.988407934392512"	"0.00089125553543958804"	"4096"	"0.00045008557400346788"	"1.9804331853126269"	"1000000000"	"0"	"132046848"	"7169003520"	"0"	"6.3872224060849359"
"01/09/2019 11:32:55.406"	"1.3698839708276709"	"98.411664532014143"	"0.013698839708276709"	"4577.8823529411766"	"0.00080587415361276654"	"16.99842404459508"	"1000000000"	"0"	"130224128"	"7170830336"	"0"	"0"
"01/09/2019 11:32:56.406"	"0.079991064998039721"	"98.708974207581008"	"0.00079991064998039723"	"4096"	"0.00040004042108504948"	"1.999846026768888"	"1000000000"	"0"	"130224128"	"7170883584"	"0"	"0.40175512395265178"
"01/09/2019 11:32:57.406"	"0.079991352934747753"	"98.369366271506053"	"0.0007999135293474775"	"4096"	"0.00040004042108504948"	"1.999785727047694"	"1000000000"	"0"	"130224128"	"7170895872"	"0"	"0.40138661010744592"
"01/09/2019 11:32:58.406"	"0.20997736444011336"	"96.639582253033112"	"0.0020997736444011337"	"19660.799999999999"	"0.00041999432179995737"	"4.9994466773375077"	"1000000000"	"0"	"121311232"	"7179812864"	"0"	"0"
"01/09/2019 11:32:59.406"	"0.12998683233388458"	"98.869984470573129"	"0.0012998683233388457"	"4096"	"0.00064994538341484379"	"1.9998017638526331"	"1000000000"	"0"	"121049088"	"7180111872"	"0"	"0.010128973934941943"
"01/09/2019 11:33:00.407"	"0.079990913032279537"	"98.298833252542508"	"0.00079990913032279532"	"4096"	"0.00040004042108504948"	"1.9997754636275133"	"1000000000"	"0"	"121049088"	"7180111872"	"0"	"0.011358709650588494"
"01/09/2019 11:33:01.407"	"0.079990017245847714"	"98.227741177900995"	"0.00079990017245847717"	"4096"	"0.00040004042108504948"	"1.9996984913340317"	"1000000000"	"0"	"121049088"	"7180115968"	"0"	"0.012478442690355696"
"01/09/2019 11:33:02.407"	"0.089991918725698436"	"98.541151004639786"	"0.00089991918725698433"	"6144"	"0.00044992517287231911"	"1.9998518003372023"	"1000000000"	"0"	"121049088"	"7180115968"	"0"	"0"
"01/09/2019 11:33:03.391"	"0.12188894961892945"	"98.953512265634217"	"0.0012188894961892944"	"4096"	"0.00040004042108504953"	"3.0472704581224765"	"1000000000"	"0"	"121049088"	"7180128256"	"0"	"0.012971015721952028"
"01/09/2019 11:33:04.391"	"0.079993224573878599"	"98.311673001296796"	"0.00079993224573878593"	"4096"	"0.0003998800199539007"	"1.9998056127240906"	"1000000000"	"0"	"121049088"	"7180128256"	"0"	"0.0084692826517573927"
"01/09/2019 11:33:05.391"	"0.06999250380284272"	"98.549445354402536"	"0.0006999250380284272"	"4096"	"0.00034999526816663113"	"1.9997940661541629"	"1000000000"	"0"	"121049088"	"7180132352"	"0"	"0.010708853081831116"
"01/09/2019 11:33:06.392"	"0.11998706539435049"	"98.419390389715986"	"0.0011998706539435048"	"6826.666666666667"	"0.00040004042108504953"	"2.9996824393788004"	"1000000000"	"0"	"121049088"	"7180136448"	"0"	"0.79194462836905677"
"01/09/2019 11:33:07.392"	"0.079989553364330626"	"98.997070982529678"	"0.0007998955336433062"	"4096"	"0.00040004042108504948"	"1.999681814784771"	"1000000000"	"0"	"121049088"	"7180144640"	"0"	"0"
"01/09/2019 11:33:08.392"	"4.8205784694163301"	"91.110933311997442"	"0.048205784694163298"	"29549.714285714286"	"0.0034428498789773466"	"14.003225447277318"	"1000000000"	"0"	"155836416"	"7108923392"	"662.15251757839883"	"53.119374324918986"
"01/09/2019 11:33:09.398"	"1605.0487612516413"	"41.102884353687443"	"16.050487612516413"	"54020.020942408381"	"0.084600523124355051"	"189.68475999896776"	"1000000000"	"0"	"197586944"	"7054381056"	"1478.7466368505916"	"75.943439332023502"
"01/09/2019 11:33:10.386"	"828.32662142776496"	"49.806339623940872"	"8.2832662142776492"	"82395.226519337011"	"0.045188398085157878"	"183.31848541845841"	"1000000000"	"0"	"175370240"	"7081177088"	"113.4346429108693"	"7.4296313287750104"
"01/09/2019 11:33:11.392"	"0.19879251438835371"	"70.273153836283029"	"0.0019879251438835372"	"19114.666666666668"	"0.0006667340351417492"	"2.9819828897720329"	"1000000000"	"0"	"177676288"	"7078977536"	"32.801811787492362"	"5.262942361800194"
"01/09/2019 11:33:12.405"	"1153.3667527801636"	"59.039947864004574"	"11.533667527801637"	"73706.096256684497"	"0.062481817738356232"	"184.58905588810788"	"1000000000"	"12356.895401"	"169480192"	"7093420032"	"0"	"0.51630587411450879"
"01/09/2019 11:33:13.394"	"777.56927072134113"	"69.433052074687922"	"7.7756927072134117"	"70427.794285714292"	"0.043931428058144956"	"176.99945846360706"	"1000000000"	"35426.215870"	"162189312"	"7105851392"	"0"	"0.83476430487754438"
"01/09/2019 11:33:14.398"	"312.87910679329519"	"52.207888108324894"	"3.1287910679329518"	"62659.419847328245"	"0.023999236833457841"	"130.3702699216727"	"1000000000"	"25305.2358"	"156987392"	"7112511488"	"0"	"0"
"01/09/2019 11:33:15.399"	"174.8510461465977"	"52.384321539545113"	"1.748510461465977"	"69632"	"0.069947994745258951"	"24.99712914946161"	"1000000000"	"0"	"154443776"	"7115771904"	"12563.25890"	"0.010838825071357583"
"01/09/2019 11:33:16.398"	"1250.4706704196956"	"41.554009961961327"	"12.504706704196956"	"56151.208791208788"	"0.068700550071883498"	"182.03241000696266"	"1000000000"	"206918.84091791455"	"171409408"	"7085817856"	"484.08618924928533"	"47.651198340639866"
"01/09/2019 11:33:17.383"	"1289.2095421312763"	"45.301355587201044"	"12.892095421312764"	"66068.66367713004"	"0.056917040916192277"	"226.50329002675815"	"1000000000"	"4694686.56672983657"	"266178560"	"6950064128"	"2463.0963153134016"	"88.493729926725564"
"01/09/2019 11:33:18.399"	"2145.5593430747863"	"3.7195140071190318"	"21.455593430747864"	"76845.850746268654"	"0.16272014845771079"	"131.34977421951649"	"1000000000"	"2544393.14555294206"	"287170560"	"6908633088"	"1046.8773049734598"	"77.321916458928214"
"01/09/2019 11:33:19.384"	"3972.3313433366429"	"1.9400563225775325"	"39.723313433366428"	"69038.201183431956"	"0.1157038459056515"	"344.68045508182001"	"1000000000"	"1797476.54063162769"	"308510720"	"6876770304"	"775.02114160409235"	"56.355081093846415"
"01/09/2019 11:33:20.399"	"4467.1018302468228"	"0"	"44.671018302468227"	"71810.397003745325"	"0.16993558104339543"	"262.72235513373204"	"1000000000"	"2499108.98244252807"	"300072960"	"6873534464"	"612.03484978719598"	"61.92625847929034"
"01/09/2019 11:33:21.400"	"2967.9656924331712"	"0"	"29.679656924331713"	"66484.334975369464"	"0.14622068978475755"	"201.80072615133415"	"1000000000"	"3952437.16013598192"	"357642240"	"6798098432"	"1031.8677524388415"	"81.642574051407962"
"01/09/2019 11:33:23.385"	"3303.8804537015067"	"0"	"33.038804537015068"	"66134.702317290546"	"0.11692673765826306"	"283.47113223384048"	"1000000000"	"1954838.96905281319"	"418283520"	"6715940864"	"953.99910455880718"	"69.110750829081553"
"01/09/2019 11:33:24.389"	"4894.2585133490275"	"0"	"48.942585133490276"	"78679.880597014926"	"0.12228830855227629"	"400.23941062257876"	"1000000000"	"1899658.35946375749"	"392253440"	"6745645056"	"419.15619868682995"	"41.66526787757001"
"01/09/2019 11:33:26.390"	"4998.1644466795378"	"0"	"49.98164446679538"	"78098.259097525472"	"0.14552256177445061"	"341.76496324620734"	"1000000000"	"2312526.9786674795"	"433594368"	"6682312704"	"1062.1080007724202"	"74.221512164971529"
"01/09/2019 11:33:27.453"	"4517.6672608803947"	"0"	"45.176672608803948"	"83116.261682242985"	"0.11221775715775432"	"404.66959264763869"	"1000000000"	"2301904.59589614486"	"460738560"	"6649262080"	"951.16264066244048"	"76.11736762064433"
"01/09/2019 11:33:28.406"	"4771.6480931168326"	"0"	"47.716480931168327"	"82739.199999999997"	"0.12461561681672706"	"382.13382966925383"	"1000000000"	"2401372.68236012466"	"459608064"	"6636908544"	"1058.4583610838783"	"82.788750606753908"
"01/09/2019 11:33:29.390"	"4922.5114710164089"	"0"	"49.225114710164092"	"84409.336561743345"	"0.11733946752828821"	"422.22390013797576"	"1000000000"	"2570259.72480942655"	"485339136"	"6593454080"	"1489.5404903172655"	"79.367305338080612"
"01/09/2019 11:33:30.394"	"4698.1718775470017"	"0"	"46.981718775470021"	"79602.203592814374"	"0.14117455063358975"	"332.7670096700424"	"1000000000"	"1810670.86111159943"	"473698304"	"6595342336"	"526.05084163407901"	"51.348513816036736"
"01/09/2019 11:33:31.410"	"2952.4147988141144"	"0"	"29.524147988141145"	"79220.980132450335"	"0.099278476408504374"	"297.43314080328031"	"1000000000"	"1383200.19876482087"	"474173440"	"6592303104"	"260.99265666513008"	"27.684197641955855"
"01/09/2019 11:33:32.394"	"4130.3899344314341"	"0"	"41.303899344314345"	"82146.077922077922"	"0.13202240266354201"	"312.85238675107212"	"1000000000"	"2851800.77161152579"	"500305920"	"6551212032"	"1637.3962579309359"	"92.461133578112083"
"01/09/2019 11:33:33.411"	"4650.3711547906478"	"0"	"46.503711547906477"	"80058.181818181823"	"0.09999069775173669"	"461.68834416033781"	"1000000000"	"2246139.44096208681"	"518070272"	"6524887040"	"905.80715302493331"	"75.802664330448948"
"01/09/2019 11:33:34.396"	"4446.2213538119431"	"0"	"44.462213538119428"	"78857.337386018233"	"0.13304620035730644"	"336.74068717103427"	"1000000000"	"2673820.92921757459"	"552108032"	"6484901888"	"946.76333019211756"	"84.525479366841964"
"01/09/2019 11:33:35.411"	"4364.8743760298594"	"0"	"43.648743760298593"	"80631.258536585359"	"0.1081353661920658"	"399.30385214415043"	"1000000000"	"1934520.83815495746"	"532201472"	"6495887360"	"740.17299421842517"	"66.542037543895603"
"01/09/2019 11:33:36.396"	"4352.0022038025754"	"0"	"43.520022038025751"	"83550.573248407643"	"0.13644777023986682"	"322.57701771280512"	"1000000000"	"1741723.78675227449"	"530780160"	"6488436736"	"353.39647800383744"	"37.705075226500242"
"01/09/2019 11:33:37.412"	"5097.7055638702759"	"0"	"50.977055638702758"	"79570.140589569157"	"0.117413152253332"	"434.15120805947777"	"1000000000"	"2416002.68611045051"	"533237760"	"6478307328"	"1085.8702550784672"	"82.69418393806103"
"01/09/2019 11:33:38.412"	"4889.7128889505711"	"0"	"48.897128889505709"	"81433.716894977173"	"0.11164931525599402"	"437.95405759464603"	"1000000000"	"1889242.25294722203"	"544473088"	"6459875328"	"967.89846518634101"	"71.096865757871313"
"01/09/2019 11:33:39.412"	"4521.828425272709"	"0"	"45.218284252727088"	"75495.878419452885"	"0.13745623102887922"	"328.9640134516921"	"1000000000"	"1785154.83918658574"	"560533504"	"6433415168"	"738.91916699331455"	"64.456915338516453"
"01/09/2019 11:33:40.397"	"5274.58318168817"	"0"	"52.745831816881704"	"70896.770538243625"	"0.14726685492246147"	"358.17536710518777"	"1000000000"	"1686748.85019061607"	"545660928"	"6439690240"	"751.86387259190974"	"65.518370769353623"
"01/09/2019 11:33:41.413"	"4144.4606418156091"	"0"	"41.444606418156091"	"82680.834605597964"	"0.10711628515910657"	"382.34406429840135"	"1000000000"	"2267799.23146906382"	"570695680"	"6409654272"	"811.38664026683637"	"73.079814884623843"
"01/09/2019 11:33:42.398"	"5373.8478863135779"	"0"	"53.738478863135782"	"90993.116279069771"	"0.153829941638981"	"353.69278570863128"	"1000000000"	"1978484.94454376335"	"576802816"	"6396821504"	"630.27231871915978"	"57.554680114513459"
"01/09/2019 11:33:43.391"	"4724.4112725664418"	"0"	"47.244112725664415"	"83736.943589743591"	"0.12029359000475569"	"390.09060277025765"	"1000000000"	"2098752.74521965781"	"573902848"	"6387437568"	"1018.2364964618521"	"79.938152502378585"
"01/09/2019 11:33:44.407"	"4082.2076867118944"	"0"	"40.822076867118945"	"81480.095465393795"	"0.09896038208054761"	"409.85731881056381"	"1000000000"	"2191674.18701988249"	"592175104"	"6364684288"	"746.35115573379517"	"71.541535402896045"
"01/09/2019 11:33:45.393"	"4443.5915434733624"	"0"	"44.435915434733623"	"96278.407002188178"	"0.095965864168341949"	"469.37482907754264"	"1000000000"	"2975144.61265593895"	"616366080"	"6330970112"	"1085.6218694419313"	"86.939044239351929"
"01/09/2019 11:33:46.409"	"4490.5862837847817"	"0"	"44.905862837847813"	"98921.411764705888"	"0.083852205831637883"	"535.49021353942658"	"1000000000"	"2320021.13501595656"	"598667264"	"6349115392"	"879.03081009321318"	"83.464464144200903"
"01/09/2019 11:33:47.410"	"2829.7028642070477"	"0"	"28.297028642070476"	"89728"	"0.055292968530701578"	"511.8003489608937"	"1000000000"	"2251106.18707792868"	"612667392"	"6338088960"	"682.73366863337969"	"64.078966201893053"
"01/09/2019 11:33:48.425"	"4228.9229717471253"	"0"	"42.289229717471251"	"73910.551532033423"	"0.1196506965566564"	"353.24584543627736"	"1000000000"	"2420131.82356985344"	"612687872"	"6326173696"	"1088.2727160237403"	"80.002142293581244"
"01/09/2019 11:33:49.410"	"4345.6052607817173"	"0"	"43.45605260781717"	"83062.80662983426"	"0.11819005543649193"	"367.89865760565152"	"1000000000"	"1969646.91396339209"	"635195392"	"6289215488"	"910.59999230570099"	"69.846731507578113"
"01/09/2019 11:33:50.411"	"3631.9742526798555"	"0"	"36.319742526798557"	"95548.509090909094"	"0.13216145394584594"	"274.79539228326541"	"1000000000"	"1768842.32637795858"	"653492224"	"6265098240"	"752.4397468701776"	"65.648321354632344"
"01/09/2019 11:33:51.395"	"6867.7704612003508"	"0.020315361450403042"	"68.67770461200351"	"92968.781793842034"	"0.090510843654356993"	"752.0204093496427"	"1000000000"	"2777401.90601913526"	"635457536"	"6284128256"	"1232.2262129102578"	"89.683605513467199"
"01/09/2019 11:33:52.411"	"4276.850598789013"	"0"	"42.76850598789013"	"114694.63857374393"	"0.070407455190845653"	"612.80010125698209"	"1000000000"	"2846883.51676523127"	"606388224"	"6320263168"	"976.30875127327943"	"81.155862355220378"
"01/09/2019 11:33:53.400"	"4036.9504377966978"	"0"	"40.369504377966976"	"101918.11764705883"	"0.065213398870509739"	"619.04079882377789"	"1000000000"	"2415094.13804125017"	"604839936"	"6320009216"	"855.73286896228126"	"74.317420711682132"
"01/09/2019 11:33:54.384"	"4903.9034658785486"	"0"	"49.039034658785489"	"87015.024390243896"	"0.1308357720934312"	"374.81255645448255"	"1000000000"	"3041379.76795496937"	"645279744"	"6267359232"	"1219.9183748017169"	"91.667638405784444"
"01/09/2019 11:33:55.465"	"4932.6058963928972"	"0"	"49.326058963928972"	"86257.53316953317"	"0.13094889419361661"	"375.53644350855092"	"1000000000"	"2536556.90218781229"	"660508672"	"6239338496"	"1100.7738995226075"	"73.970087766848252"
"01/09/2019 11:33:56.396"	"4502.7132891886849"	"0"	"45.027132891886851"	"102417.54175588865"	"0.089776660109718021"	"503.29533762413621"	"1000000000"	"2534271.17140577268"	"685346816"	"6223704064"	"851.39896514575503"	"77.765366212418414"
"01/09/2019 11:33:57.412"	"4234.1707517444975"	"0.0098374373318351575"	"42.341707517444974"	"115391.24508519004"	"0.056410746858128122"	"750.59627190608637"	"1000000000"	"2264835.5485614434"	"653987840"	"6258425856"	"1257.2241618558039"	"89.624582732798771"
"01/09/2019 11:33:58.444"	"4649.0537600503276"	"0"	"46.490537600503274"	"89335.682310469318"	"0.086547472721225288"	"533.96326274923035"	"1000000000"	"2101529.9557442498"	"665878528"	"6250622976"	"685.28498161498703"	"72.350748244071326"
"01/09/2019 11:33:59.389"	"4779.0052647044913"	"0"	"47.790052647044909"	"77835.906976744183"	"0.13128779148569161"	"366.41048394840169"	"1000000000"	"1010423.27407432212"	"612950016"	"6305353728"	"68.16939236249334"	"6.9969364971012027"
"01/09/2019 11:34:00.397"	"5178.6914839619376"	"0"	"51.786914839619378"	"86038.567493112947"	"0.14393471071242844"	"359.7874972416692"	"1000000000"	"512344.53252731781"	"596070400"	"6327558144"	"0"	"2.4317646789458691"
"01/09/2019 11:34:01.390"	"4558.7653694686378"	"0"	"45.587653694686381"	"96377.263157894733"	"0.07443223645271041"	"612.5311251060881"	"1000000000"	"498319.437207793089"	"570032128"	"6373584896"	"1.0074525083981714"	"13.823913925132969"
"01/09/2019 11:34:02.390"	"4428.5570301091848"	"0"	"44.285570301091845"	"104851.35451080051"	"0.056277382544340587"	"786.92199407601106"	"1000000000"	"2281336.05942144556"	"564768768"	"6382247936"	"1592.8421049086223"	"93.750667428718614"
"01/09/2019 11:34:03.390"	"3150.9603264768057"	"0"	"31.509603264768057"	"83218.425727411945"	"0.048258805559687923"	"648.62841653511543"	"1000000000"	"3247932.99736727556"	"588316672"	"6358499328"	"1172.1003545351243"	"80.861443136429884"
"01/09/2019 11:34:04.410"	"4065.4111820388621"	"0"	"40.654111820388621"	"81446.312925170074"	"0.14096326487838612"	"290.25309864842399"	"1000000000"	"1247752.64878817392"	"596484096"	"6339375104"	"465.98456653760582"	"42.138696331936373"
"01/09/2019 11:34:05.410"	"4980.4252391151185"	"0"	"49.804252391151181"	"92876.438162544175"	"0.0879832159883812"	"566.13748496676328"	"1000000000"	"2556974.40554378284"	"585469952"	"6353977344"	"1054.2560232419937"	"75.387787289431927"
"01/09/2019 11:34:06.410"	"4588.4813267387026"	"0"	"45.884813267387024"	"114348.94526034713"	"0.061267957064570472"	"748.89020772750689"	"1000000000"	"2734367.64014918968"	"567353344"	"6380568576"	"1394.7955137247959"	"87.501331108236968"
"01/09/2019 11:34:07.410"	"3825.8252805395896"	"0"	"38.258252805395898"	"109343.79513444302"	"0.048991549154473783"	"780.93060476759626"	"1000000000"	"2408776.60405483693"	"568209408"	"6392885248"	"1082.9037707596758"	"79.299113976044993"
"01/09/2019 11:34:08.388"	"1360.3650622690438"	"27.07194153769241"	"13.603650622690438"	"116913.23076923077"	"0.031986057656063209"	"420.31890131938269"	"1000000000"	"2514366.86910058005"	"564600832"	"6395461632"	"1029.5792318376225"	"84.824428542291471"
"01/09/2019 11:34:09.453"	"3786.419794481686"	"0"	"37.864197944816858"	"85454.20448877805"	"0.10053491297220628"	"375.51154345645494"	"1000000000"	"4312646.91943478206"	"612233216"	"6336806912"	"1065.6661756943784"	"82.389618835274746"
"01/09/2019 11:34:11.406"	"4435.8608318237348"	"0"	"44.358608318237351"	"100421.1224686596"	"0.083555641232067587"	"534.93209757230932"	"1000000000"	"2506826.77839738852"	"636395520"	"6295330816"	"1208.6267161156418"	"84.401673138932438"
"01/09/2019 11:34:12.391"	"4920.4384160288018"	"0"	"49.204384160288015"	"110387.54076539101"	"0.080602496113295105"	"610.46228935229544"	"1000000000"	"2566211.32756443092"	"611356672"	"6315778048"	"1132.5548296635764"	"86.509756448856976"
"01/09/2019 11:34:13.406"	"4040.851159015574"	"8.7525258273352122"	"40.40851159015574"	"108259.09001636661"	"0.067173813214804451"	"601.47309271673123"	"1000000000"	"2348352.66283685222"	"591622144"	"6342144000"	"1064.1447024988322"	"79.232441881850164"
"01/09/2019 11:34:14.402"	"3742.5785212403989"	"0"	"37.425785212403987"	"95072.199750312109"	"0.046545318384901106"	"804.09158347288417"	"1000000000"	"1726880.07117093907"	"565731328"	"6378323968"	"381.46666881360301"	"36.868184900412025"
"01/09/2019 11:34:15.396"	"3273.0351239586225"	"0"	"32.730351239586227"	"82176"	"0.075264352203100626"	"433.65885186462589"	"1000000000"	"1263439.66283671485"	"547934208"	"6398189568"	"468.79324958513956"	"41.016724448256284"
"01/09/2019 11:34:16.406"	"4875.5952014959603"	"0"	"48.755952014959604"	"90112"	"0.093616349683638647"	"522.29788677658564"	"1000000000"	"1867914.04159871052"	"547737600"	"6409564160"	"455.76944872709663"	"36.956855583579404"
"01/09/2019 11:34:17.390"	"4108.9184777988894"	"0"	"41.089184777988898"	"98872.23121387283"	"0.07795510612168198"	"527.07697096875404"	"1000000000"	"2607276.15530897237"	"587673600"	"6371622912"	"1406.5541518144978"	"94.049320996161399"
"01/09/2019 11:34:18.406"	"5019.496828534925"	"0"	"50.194968285349255"	"77890.782608695648"	"0.13854483640514284"	"362.30699211601666"	"1000000000"	"2609471.30166895859"	"629112832"	"6318837760"	"1088.890036087811"	"74.617991230537513"
"01/09/2019 11:34:19.406"	"4875.0493447299832"	"0"	"48.750493447299831"	"83063.069767441862"	"0.12598372117518622"	"384.07286571990187"	"1000000000"	"2671425.38588423474"	"671801344"	"6256287744"	"1325.8949576273615"	"82.033168857566011"
"01/09/2019 11:34:20.406"	"4222.7535203444513"	"0"	"42.227535203444511"	"89174.361445783128"	"0.127205120831235"	"332.38589450167433"	"1000000000"	"2280503.28852190706"	"673693696"	"6254837760"	"773.89848328251276"	"67.972212203860764"
"01/09/2019 11:34:21.391"	"3456.40324457408"	"0"	"34.5640324457408"	"86392.643678160923"	"0.13040421447642087"	"266.74472599155689"	"1000000000"	"2352084.26377976505"	"698286080"	"6217596928"	"843.15861663997862"	"70.248172911255168"
"01/09/2019 11:34:22.392"	"5159.0861357447366"	"0"	"51.590861357447366"	"90796.128479657389"	"0.11056381138422058"	"466.57969905701708"	"1000000000"	"2649409.3662646038"	"729116672"	"6180659200"	"1113.9964977485524"	"91.023014468298385"
"01/09/2019 11:34:23.404"	"4356.4986049695453"	"0"	"43.564986049695456"	"109581.72654155496"	"0.059104289293528532"	"735.17863352921904"	"1000000000"	"2923070.90029363893"	"672526336"	"6241275904"	"1151.0571634881071"	"79.158280576303"
"01/09/2019 11:34:24.389"	"4087.7558389873252"	"1.7877430911601691"	"40.877558389873251"	"106421.63128491621"	"0.056205586864591865"	"729.30093904782939"	"1000000000"	"3105589.31638180668"	"642097152"	"6268256256"	"1251.830801801372"	"85.319043577761491"
"01/09/2019 11:34:25.427"	"4649.9844597533602"	"0.0096254237472486927"	"46.499844597533603"	"114461.38865836791"	"0.066817980618933209"	"695.81590519446479"	"1000000000"	"2409276.01689674516"	"632737792"	"6288277504"	"816.11602711605281"	"77.440413092385867"
"01/09/2019 11:34:26.397"	"3870.6692286957432"	"0"	"38.706692286957434"	"93509.665573770486"	"0.061534262062894758"	"629.12636504944055"	"1000000000"	"2431660.43415569919"	"619634688"	"6310817792"	"848.80491546834355"	"85.096068872027303"
"01/09/2019 11:34:27.397"	"4278.4324116244306"	"0"	"42.784324116244306"	"87749.973333333328"	"0.14263366680728501"	"299.95323432138929"	"1000000000"	"2058781.90097351518"	"631504896"	"6289448960"	"532.91691297766829"	"49.225604543386645"
"01/09/2019 11:34:28.397"	"4770.0803016079917"	"0"	"47.700803016079917"	"87720.084720121027"	"0.072170348175552512"	"658.39088229636457"	"1000000000"	"2981840.50782256044"	"643444736"	"6273470464"	"1378.5370364571386"	"92.578710734625531"
"01/09/2019 11:34:29.418"	"4008.1409022516455"	"0.94082753425861754"	"40.081409022516453"	"107318.08450704225"	"0.048002581946132772"	"833.38561759251411"	"1000000000"	"3149480.06310699414"	"600481792"	"6330961920"	"809.90996639272498"	"68.991284898943846"
"01/09/2019 11:34:31.388"	"4548.4781741796132"	"3.6247546373633512"	"45.484781741796134"	"88921.0705596107"	"0.10899683700287216"	"418.54449826135021"	"1000000000"	"2084987.0052166027"	"660848640"	"6254313472"	"1038.2143941057093"	"80.169190753220462"
"01/09/2019 11:34:32.403"	"4660.3956876774091"	"0"	"46.603956876774092"	"84987.004878048785"	"0.11547634147867229"	"403.5452132824131"	"1000000000"	"1145421.80505171223"	"627826688"	"6290485248"	"104.33120148277021"	"11.563043202859157"
"01/09/2019 11:34:33.403"	"5654.5086739655426"	"0"	"56.545086739655424"	"79802.576271186437"	"0.23958220344556311"	"236.01779303485779"	"1000000000"	"751779.712921285231"	"618004480"	"6300323840"	"27.002035643818477"	"2.3373823973323105"
"01/09/2019 11:34:34.390"	"4840.5982547322228"	"0"	"48.405982547322232"	"96137.924453280313"	"0.094942743987125225"	"509.85142730976139"	"1000000000"	"540075.733691976318"	"586088448"	"6340251648"	"0"	"3.3906547936885523"
"01/09/2019 11:34:35.400"	"4886.3817317130561"	"0"	"48.863817317130561"	"116031.63005780347"	"0.071304624269112077"	"685.28365148792648"	"1000000000"	"334250.160664680901"	"508751872"	"6447398912"	"0"	"5.9995500109724436"
"01/09/2019 11:34:36.390"	"2930.3110966914178"	"0.94949101725942342"	"29.303110966914179"	"104101.99086757991"	"0.066233333123127278"	"442.45394234115821"	"1000000000"	"686184.374886172358"	"485761024"	"6483017728"	"178.79988080909817"	"21.480759524127222"
"01/09/2019 11:34:37.392"	"4007.5641538164391"	"0.029945185338238353"	"40.07564153816439"	"102920.3027027027"	"0.054255405160468548"	"738.59540144720995"	"1000000000"	"856667.085548937874"	"465399808"	"6523858944"	"494.06043745455258"	"30.595794398353814"
"01/09/2019 11:34:38.383"	"2179.3848405070862"	"23.026076476643013"	"21.793848405070861"	"72763.027568922305"	"0.054132331327165432"	"402.6321281682321"	"1000000000"	"1795904.91497265353"	"500346880"	"6483251200"	"1120.1044167086156"	"68.467796235973083"
"01/09/2019 11:34:40.390"	"4902.2962860902699"	"0"	"49.022962860902702"	"93326.034346103042"	"0.13000660511516579"	"377.05645662565087"	"1000000000"	"1525332.03807844958"	"493981696"	"6480736256"	"626.10299336650348"	"37.345226364396503"
"01/09/2019 11:34:41.393"	"4706.2989941324222"	"0"	"47.062989941324226"	"111592.48434237996"	"0.098517536245456824"	"477.74111881394981"	"1000000000"	"464377.791283608909"	"469372928"	"6526431232"	"0"	"1.0480837373937457"
"01/09/2019 11:34:42.399"	"4439.4874830432382"	"0"	"44.394874830432379"	"107067.15537848606"	"0.059342363755124763"	"748.10747071540379"	"1000000000"	"283128.733625470151"	"394375168"	"6633279488"	"0"	"0"
"01/09/2019 11:34:43.400"	"2183.1406069848308"	"15.377607186368506"	"21.83140606984831"	"91121.972602739726"	"0.042757338511052546"	"510.49003156428279"	"1000000000"	"1321138.98478959869"	"395194368"	"6642991104"	"448.55190640384143"	"51.211188902863178"
"01/09/2019 11:34:44.400"	"1771.4602766043758"	"35.636183364761635"	"17.714602766043757"	"94665.320388349515"	"0.043001213551354077"	"407.14885525465667"	"1000000000"	"1632419.2561390294"	"411496448"	"6625173504"	"1014.9074620061466"	"69.925101021680575"
"01/09/2019 11:34:45.401"	"4249.3177996435415"	"0"	"42.493177996435413"	"79078.399999999994"	"0.13288843740426057"	"323.65825295137631"	"1000000000"	"1026143.72405540386"	"416194560"	"6618050560"	"372.20699089408271"	"40.668454423979874"
"01/09/2019 11:34:46.387"	"4303.9471809002434"	"0"	"43.039471809002436"	"85238.656934306564"	"0.10323771322359453"	"416.88553409061694"	"1000000000"	"1034332.83917262168"	"399224832"	"6643433472"	"346.89745172503893"	"38.584427433837917"
"01/09/2019 11:34:47.395"	"2680.5207210346671"	"0"	"26.805207210346669"	"89240.022408963589"	"0.075713725388653619"	"354.02160233631628"	"1000000000"	"481400.802147985785"	"380162048"	"6672392192"	"9.9165714940144625"	"2.767809355750972"
"01/09/2019 11:34:48.405"	"4353.3581957558563"	"0"	"43.53358195755856"	"101255.96526772794"	"0.063580897406352477"	"684.75062101948288"	"1000000000"	"1098470.04772328885"	"350789632"	"6723903488"	"392.41859033822749"	"43.87610828342369"
"01/09/2019 11:34:49.389"	"381.58219380608989"	"59.889490887523458"	"3.8158219380608989"	"91394.585858585851"	"0.018972726995670774"	"201.12968116584329"	"1000000000"	"1994829.22113416842"	"395296768"	"6661259264"	"1380.4809934564698"	"83.731897421166252"
"01/09/2019 11:34:50.407"	"1946.7292691900323"	"37.792846694873674"	"19.467292691900322"	"102675.60092807424"	"0.046000928309451315"	"423.18491591939016"	"1000000000"	"1897582.91486166944"	"387612672"	"6668496896"	"908.2274877620323"	"73.918615475900708"
"01/09/2019 11:34:51.393"	"3197.487837419656"	"21.134227200551944"	"31.97487837419656"	"94332.319488817884"	"0.050342811296099507"	"633.53942369847107"	"1000000000"	"3407865.27053276706"	"396591104"	"6660272128"	"1212.4284817743903"	"86.128438877643674"
"01/09/2019 11:34:52.393"	"1609.1302162051261"	"23.396658957100929"	"16.09130216205126"	"75627.05454545455"	"0.048768485318994831"	"330.76271456210407"	"1000000000"	"2114235.09263192216"	"430424064"	"6624043008"	"722.66641575538495"	"69.535600316274838"
"01/09/2019 11:34:53.401"	"5022.1920128590591"	"0"	"50.22192012859059"	"80229.433962264156"	"0.11942193338988935"	"420.56511650699218"	"1000000000"	"1147380.30016762955"	"437096448"	"6616530944"	"485.03854238660182"	"50.020367515880167"
"01/09/2019 11:34:54.386"	"4801.7507710919617"	"0"	"48.017507710919617"	"88091.800904977383"	"0.10695090535805607"	"448.94886079447053"	"1000000000"	"1966160.18052504826"	"423858176"	"6634401792"	"591.14985742620331"	"53.179621130129043"
"01/09/2019 11:34:55.386"	"4316.0160282769602"	"0"	"43.160160282769603"	"105781.1320754717"	"0.10180377351832405"	"422.88607267687036"	"1000000000"	"1540949.84546918215"	"405315584"	"6659637248"	"451.80988425146762"	"36.334963991370927"
"01/09/2019 11:34:56.386"	"4403.685282726522"	"0"	"44.036852827265221"	"81408"	"0.086018750065162963"	"513.26010473601821"	"1000000000"	"1201114.894041933"	"407347200"	"6663278592"	"570.40038983358272"	"49.224223628692833"
"01/09/2019 11:34:57.402"	"4778.7394027415039"	"0"	"47.78739402741504"	"85293.176470588238"	"0.11896887265084288"	"401.67943314378118"	"1000000000"	"1439182.38661375418"	"410669056"	"6658789376"	"753.14893714458969"	"51.159112067091563"
"01/09/2019 11:34:58.388"	"3810.7909928731146"	"0"	"38.107909928731146"	"103009.38606403013"	"0.070771563001212942"	"538.39143212149406"	"1000000000"	"1118669.07489290558"	"379420672"	"6698930176"	"338.64922472425428"	"39.394320740349919"
"01/09/2019 11:34:59.404"	"1863.6086713212908"	"48.321031226728032"	"18.636086713212908"	"101424.27791563276"	"0.046969726706443254"	"396.81027977366927"	"1000000000"	"1513603.85814178936"	"382009344"	"6701002752"	"838.91404061331571"	"55.772797819213181"
"01/09/2019 11:35:00.397"	"1822.0669205916761"	"36.259187069629718"	"18.22066920591676"	"101764.12903225806"	"0.036503024182229761"	"494.74282152349389"	"1000000000"	"2880461.32681259449"	"410767360"	"6675726336"	"1384.4819279730029"	"91.744689835512304"
"01/09/2019 11:35:01.397"	"2021.6320680630627"	"29.576811619707392"	"20.216320680630627"	"92065.603206412823"	"0.04051803612196829"	"503.41385547666653"	"1000000000"	"2298046.91175699563"	"430202880"	"6645248000"	"930.1554604198127"	"67.972202596560095"
"01/09/2019 11:35:02.398"	"3299.6833042348121"	"40.445627827631832"	"32.996833042348122"	"100458.4449064449"	"0.068607900291935725"	"480.95232420655827"	"1000000000"	"2569532.27311103087"	"413560832"	"6657908736"	"951.90563959385338"	"71.878039983877741"
"01/09/2019 11:35:03.398"	"2218.3417934078493"	"52.898581364405551"	"22.183417934078491"	"96029.840490797549"	"0.068074846238048797"	"325.86911648367436"	"1000000000"	"2629990.37138156075"	"421498880"	"6637101056"	"963.61297021552798"	"69.934053701656197"
"01/09/2019 11:35:04.398"	"1769.2394529109215"	"36.386081219052706"	"17.692394529109215"	"101745.38812785388"	"0.026931963692244487"	"656.93045422395721"	"1000000000"	"3458013.15767526382"	"412033024"	"6640467968"	"1194.8735050192222"	"87.891924039780918"
"01/09/2019 11:35:05.389"	"1915.9369120697213"	"51.592813331994655"	"19.159369120697214"	"102877.35338345864"	"0.035690789360619507"	"536.75039819109088"	"1000000000"	"2265497.72085809251"	"431804416"	"6607761408"	"1226.8580530082079"	"75.167873408410145"
"01/09/2019 11:35:06.389"	"1609.5966373007843"	"47.881982314067798"	"16.095966373007844"	"87085.850746268654"	"0.0600570898748366"	"268.04316640479641"	"1000000000"	"2995487.58612922777"	"443162624"	"6585589760"	"877.14125722763595"	"69.920624713863162"
"01/09/2019 11:35:07.405"	"4584.8107569231015"	"0"	"45.848107569231011"	"76505.49868073879"	"0.12292216342968226"	"371.41019401833137"	"1000000000"	"1191294.86942784791"	"452747264"	"6572023808"	"473.32750319486559"	"46.94929866050208"
"01/09/2019 11:35:08.405"	"4009.1550066817754"	"0"	"40.091550066817753"	"77824"	"0.098758374351445077"	"407.71250014496991"	"1000000000"	"1881406.09526392902"	"434032640"	"6584180736"	"491.06259253913868"	"48.44309392430921"
"01/09/2019 11:35:10.395"	"3643.1247318859173"	"0"	"36.431247318859171"	"79898.189258312021"	"0.092689642144543102"	"393.0326284784835"	"1000000000"	"929204.469704591713"	"405315584"	"6624722944"	"68.856099874107727"	"10.471571676899504"
"01/09/2019 11:35:11.396"	"4039.7487541802043"	"1.7881624842312043"	"40.397487541802043"	"104748.62385321101"	"0.06183333322787081"	"653.36805012499201"	"1000000000"	"438069.626504711232"	"354050048"	"6694223872"	"158.84636081020446"	"24.68677187322308"
"01/09/2019 11:35:12.416"	"1762.4732304564941"	"35.934443502176549"	"17.62473230456494"	"104415.26110124333"	"0.031945826036494519"	"550.47992962539854"	"1000000000"	"1576234.61277972147"	"352407552"	"6704246784"	"913.22958129684241"	"73.970312093630625"
"01/09/2019 11:35:13.385"	"191.06085790464113"	"71.920050666065549"	"1.9106085790464111"	"51256.366972477066"	"0.016982568355567454"	"112.76943003461678"	"1000000000"	"2588877.22808240319"	"420868096"	"6621265920"	"1330.4723580230934"	"82.663139198739628"
"01/09/2019 11:35:14.385"	"4264.9889546939976"	"0"	"42.649889546939974"	"81637.517241379304"	"0.10506034436732187"	"405.94269997193373"	"1000000000"	"1894597.25189527284"	"430309376"	"6605864960"	"610.91376769175247"	"51.567735527789438"
"01/09/2019 11:35:15.386"	"5373.8558053072702"	"0"	"53.738558053072701"	"82357.436893203878"	"0.174001294930271"	"308.84712132638691"	"1000000000"	"1194440.87701780982"	"404054016"	"6633111552"	"330.83623676062803"	"37.92279220136048"
"01/09/2019 11:35:16.417"	"4658.745679133006"	"3.6650589856338414"	"46.587456791330062"	"115259.00371747212"	"0.089309479868444605"	"517.59849767796868"	"1000000000"	"1741838.61521006923"	"390799360"	"6659485696"	"728.2937969186288"	"64.397781844247987"
"01/09/2019 11:35:17.402"	"1843.1444967021189"	"28.167137066997562"	"18.431444967021189"	"109089.41093474427"	"0.032002468740316085"	"580.68983049232565"	"1000000000"	"2255862.74045346826"	"378515456"	"6671986688"	"910.46430212994267"	"77.383373527116746"
"01/09/2019 11:35:18.433"	"1070.526885195324"	"56.759934661112453"	"10.705268851953239"	"103594.66666666667"	"0.023002083610693624"	"464.17260875297626"	"1000000000"	"3497152.57035652519"	"440528896"	"6592008192"	"1829.6136995013146"	"89.016341799910464"
"01/09/2019 11:35:19.386"	"2861.9748676704717"	"44.13432108049043"	"28.619748676704717"	"101120"	"0.12179062542463336"	"235.66634141929134"	"1000000000"	"2111377.97910676562"	"431697920"	"6596907008"	"758.55103644334406"	"75.822239081922191"
"01/09/2019 11:35:20.388"	"3752.9537168087791"	"5.9501126977301819"	"37.529537168087792"	"94311.765333333329"	"0.050122532990502656"	"748.69172864429743"	"1000000000"	"2206698.34951412783"	"410816512"	"6632341504"	"899.42833001134932"	"59.832376539903642"
"01/09/2019 11:35:21.389"	"1897.5396915408814"	"16.577591672633034"	"18.975396915408815"	"65014.493368700263"	"0.050370292393264821"	"376.72578117837293"	"1000000000"	"1485170.33046808833"	"425476096"	"6612627456"	"587.57230592276733"	"44.182399473993719"
"01/09/2019 11:35:22.397"	"3558.5794002847515"	"0"	"35.585794002847514"	"91037.721362229102"	"0.11110464330932543"	"320.28467730750492"	"1000000000"	"727739.327518790495"	"409743360"	"6636847104"	"17.848681707538972"	"2.7755130453545607"
"01/09/2019 11:35:23.393"	"2743.0259627228183"	"0"	"27.430259627228182"	"93385.696969696975"	"0.051751704906053297"	"530.04831023667543"	"1000000000"	"602712.917701912862"	"372293632"	"6694137856"	"0"	"5.1042554451648741"
"01/09/2019 11:35:24.397"	"3649.4471047980028"	"0"	"36.494471047980028"	"87806.103703703702"	"0.090436542767882322"	"403.54489079968351"	"1000000000"	"277435.953158538243"	"344788992"	"6726033408"	"81.705385297713704"	"8.9239916064350666"
"01/09/2019 11:35:25.389"	"2809.0290760193134"	"0.020155987184823348"	"28.090290760193135"	"90421.132075471702"	"0.058433752764132672"	"480.69326934423026"	"1000000000"	"244030.632496399401"	"320655360"	"6767439872"	"0"	"2.3694370735119041"
"01/09/2019 11:35:26.391"	"1878.7236371950694"	"0"	"18.787236371950694"	"54088.317937701395"	"0.020219870944557829"	"929.24654994593459"	"1000000000"	"961686.50002705674"	"314916864"	"6789316608"	"337.36340911033932"	"42.69239709096091"
"01/09/2019 11:35:27.407"	"1282.3620334043819"	"34.743313954919344"	"12.82362033404382"	"75085.790055248624"	"0.017990884199892171"	"712.78116559410387"	"1000000000"	"2134840.25670446537"	"330350592"	"6776295424"	"1295.6077540356916"	"93.46225147307122"
"01/09/2019 11:35:28.407"	"62.563318237612222"	"71.112405195125163"	"0.6256331823761222"	"30125.419354838708"	"0.020183874543134889"	"30.996400375038455"	"1000000000"	"2366914.48702136648"	"394141696"	"6693355520"	"1218.8584534571573"	"78.127336000515143"
"01/09/2019 11:35:29.392"	"1931.3827425043769"	"41.52440899836381"	"19.313827425043769"	"113446.54826254827"	"0.036706756565699813"	"521.82481416859252"	"1000000000"	"2448725.76400695852"	"376377344"	"6720983040"	"947.94816627923854"	"84.525473924743295"
"01/09/2019 11:35:30.439"	"1540.8600701422472"	"50.80293761133737"	"15.408600701422472"	"96934.233766233767"	"0.026189285854376316"	"591.88948274177346"	"1000000000"	"2763008.61560901842"	"380055552"	"6737903616"	"1153.9923194364771"	"79.852895934590194"
"01/09/2019 11:35:31.407"	"757.8224561799708"	"63.404747191762155"	"7.5782245617997077"	"82834.28571428571"	"0.032777677558896427"	"231.66469589774829"	"1000000000"	"2174064.3843138738"	"410804224"	"6707920896"	"945.27469665420506"	"86.291806956851843"
"01/09/2019 11:35:33.408"	"4780.0966768090484"	"0"	"47.800966768090483"	"84300.728291316525"	"0.13392422998324968"	"356.92471476670164"	"1000000000"	"2022297.32993247735"	"404307968"	"6715150336"	"500.39445305527778"	"57.235496366583838"
"01/09/2019 11:35:34.387"	"4176.5888814029931"	"0"	"41.765888814029928"	"94778.491392801254"	"0.064029264415749812"	"652.28728910330358"	"1000000000"	"1465177.6835674383"	"372768768"	"6753505280"	"464.46121524570134"	"48.959800739062089"
"01/09/2019 11:35:35.402"	"2846.2757746439997"	"27.512011245325123"	"28.462757746439998"	"97725.217391304352"	"0.062770651976898614"	"453.44873112916525"	"1000000000"	"1596872.22198258757"	"354455552"	"6778818560"	"367.68777545908398"	"36.080903647830489"
"01/09/2019 11:35:36.402"	"2777.9033199254318"	"24.897340963985044"	"27.779033199254318"	"100167.7508650519"	"0.048065744127793679"	"577.9288060665217"	"1000000000"	"1919465.42823911837"	"366493696"	"6775025664"	"1230.8483741658965"	"83.986080286625381"
"01/09/2019 11:35:37.387"	"1460.8614155819671"	"34.105200693022546"	"14.608614155819671"	"102434.77079796264"	"0.024442275122781552"	"591.89225787753719"	"1000000000"	"2335649.72002477149"	"355762176"	"6791823360"	"871.25736431209634"	"71.064238530616848"
"01/09/2019 11:35:38.388"	"119.53336095615489"	"89.817497404361319"	"1.195333609561549"	"78372.948453608245"	"0.01232474006045866"	"97.925223780683112"	"1000000000"	"1847394.20591741579"	"400384000"	"6740373504"	"1118.5685355566688"	"83.596033432146243"
"01/09/2019 11:35:39.388"	"2084.2584078083901"	"51.792505624436146"	"20.842584078083902"	"110599.89210019268"	"0.040164932787614689"	"518.91693160692364"	"1000000000"	"1729708.35279008394"	"368553984"	"6789619712"	"591.90524761329254"	"71.097932129220908"
"01/09/2019 11:35:40.396"	"2568.7415868742542"	"30.715845884235389"	"25.687415868742541"	"84359.59560439561"	"0.056904615281676639"	"451.42688657475924"	"1000000000"	"896769.460873152115"	"364531712"	"6803255296"	"334.35354016636012"	"37.217793205369162"
"01/09/2019 11:35:41.430"	"4856.7847122010298"	"0"	"48.567847122010299"	"94331.832558139533"	"0.11679534878498567"	"413.0607441930984"	"1000000000"	"385604.946209851529"	"338087936"	"6845952000"	"128.72125516715161"	"16.137489693524142"
"01/09/2019 11:35:42.385"	"2952.7781427538694"	"29.262067200154114"	"29.527781427538695"	"107450.96629213484"	"0.07922415703032841"	"375.43269808179542"	"1000000000"	"373711.260837454836"	"315195392"	"6883319808"	"185.60717657976403"	"23.524053262197022"
"01/09/2019 11:35:43.395"	"1089.9273200283897"	"69.796057898849568"	"10.899273200283897"	"100759.96812749004"	"0.021930677864702056"	"497.0156292977552"	"1000000000"	"91854.1962320459043"	"282529792"	"6936924160"	"40.592909962565663"	"6.0259243349351399"
"01/09/2019 11:35:44.411"	"960.72691780875186"	"73.571129637292259"	"9.6072691780875186"	"103261.30841121495"	"0.022800466884219571"	"421.36800445448512"	"1000000000"	"134532.58189901167"	"258490368"	"6978064384"	"40.364692015499742"	"9.6266538367595125"
"01/09/2019 11:35:45.413"	"0.29946318229941005"	"91.565859041082959"	"0.0029946318229941006"	"27989.333333333332"	"0.00050002379283445374"	"5.988385105040261"	"1000000000"	"151674.587214330288"	"260894720"	"6973210624"	"72.858685444656501"	"7.1976075686723924"
"01/09/2019 11:35:46.384"	"2558.3002587141232"	"0"	"25.58300258714123"	"85696.831168831166"	"0.053779003779404783"	"475.7382048171757"	"1000000000"	"15877.556125064747"	"239710208"	"7013175296"	"24.713672977515621"	"0.65323102287734303"
"01/09/2019 11:35:47.399"	"2513.9291268367233"	"32.914118491417845"	"25.139291268367234"	"75045.665835411477"	"0.063616958226789422"	"395.19214851994752"	"1000000000"	"15127.5506987678771"	"224415744"	"7040253952"	"0"	"3.7643897027687556"
"01/09/2019 11:35:48.392"	"1644.4908062896975"	"27.445263763986034"	"16.444908062896975"	"85061.104294478529"	"0.050103987659701345"	"328.20379400398031"	"1000000000"	"13145.1911212710584"	"211345408"	"7067041792"	"17.114921773213698"	"4.0397394532311504"
"01/09/2019 11:35:49.392"	"899.58590093516978"	"49.001606024887941"	"8.9958590093516975"	"79232"	"0.093722915600667478"	"95.979124162928272"	"1000000000"	"6162.6595972946861"	"206839808"	"7075864576"	"16.996303237185213"	"4.3132611383669968"
"01/09/2019 11:35:50.407"	"1293.185899760058"	"62.895232527577271"	"12.93185899760058"	"95073.352112676061"	"0.046204225837834408"	"279.8941418540889"	"1000000000"	"0"	"191090688"	"7103328256"	"0"	"1.8339942325998115"
"01/09/2019 11:35:51.391"	"578.41630397820245"	"78.499718178802482"	"5.7841630397820243"	"92971.168627450985"	"0.022339215242812557"	"258.9252634181442"	"1000000000"	"0"	"177508352"	"7127056384"	"0"	"1.2375560278919173"
"01/09/2019 11:35:52.392"	"390.8245979204533"	"87.210859766136963"	"3.908245979204533"	"100372.07843137255"	"0.019166666116270631"	"203.90560849193938"	"1000000000"	"0"	"164798464"	"7147601920"	"0"	"1.2162141630836065"
"01/09/2019 11:35:53.397"	"0.099465462657134296"	"80.616757483607344"	"0.00099465462657134297"	"6144"	"0.00050013072692188629"	"1.9894330803237792"	"1000000000"	"0"	"164798464"	"7147601920"	"0"	"0"
"01/09/2019 11:35:54.394"	"327.60413088318114"	"90.408830657961445"	"3.2760413088318114"	"108233.69696969698"	"0.019795756865131957"	"165.48463895116433"	"1000000000"	"0"	"154099712"	"7165448192"	"0"	"2.8360830930772685"
"01/09/2019 11:35:55.401"	"220.18955042140976"	"92.054514874495226"	"2.2018955042140975"	"112385.86861313869"	"0.016174451989242725"	"136.1343296333097"	"1000000000"	"0"	"147730432"	"7180152832"	"0"	"0"
"01/09/2019 11:35:56.401"	"0.089990209065253693"	"97.959342023587837"	"0.00089990209065253697"	"6144"	"0.00045008557400346788"	"1.9997684075872499"	"1000000000"	"0"	"147730432"	"7180152832"	"0"	"0"
"01/09/2019 11:35:57.386"	"248.39588445636736"	"89.905806534278881"	"2.4839588445636736"	"119159.46666666666"	"0.020387499725981403"	"121.84329323488033"	"1000000000"	"0"	"139128832"	"7194312704"	"0"	"0.45191501398540446"
"01/09/2019 11:35:58.399"	"153.69692056571756"	"92.818060715266412"	"1.5369692056571755"	"136250.85057471265"	"0.017904597426439441"	"85.840872769307666"	"1000000000"	"0"	"130695168"	"7206158336"	"0"	"0"
"01/09/2019 11:35:59.384"	"144.28934552647689"	"92.960517825115829"	"1.442893455264769"	"121131.14606741573"	"0.015966292549351238"	"90.370641521062353"	"1000000000"	"0"	"124493824"	"7217975296"	"0"	"0.83915271590423446"
"01/09/2019 11:36:00.387"	"0.12955868425382619"	"88.518479503268026"	"0.0012955868425382619"	"5461.333333333333"	"0.00043329692227656253"	"2.9897374743636673"	"1000000000"	"0"	"124493824"	"7217975296"	"0"	"0"
"01/09/2019 11:36:01.388"	"136.55422798666754"	"94.079133860039164"	"1.3655422798666754"	"102077.84269662922"	"0.01534494542603829"	"88.990521944226771"	"1000000000"	"0"	"119836672"	"7227047936"	"0"	"0.79270844217492753"
"01/09/2019 11:36:02.388"	"131.28588676717251"	"94.059888561979591"	"1.3128588676717252"	"91722.786516853928"	"0.014752805726673623"	"88.99020794680915"	"1000000000"	"0"	"113471488"	"7235198976"	"0"	"0"
"01/09/2019 11:36:03.396"	"0.15867246680646371"	"98.059584486394584"	"0.0015867246680646371"	"4096"	"0.00080008084217009895"	"1.9834038968360319"	"1000000000"	"0"	"113471488"	"7235178496"	"0"	"2.7666329652958566"
"01/09/2019 11:36:04.398"	"49.952777455285322"	"94.854374776203272"	"0.49952777455285324"	"147634.08695652173"	"0.010878258261303347"	"45.919612302659097"	"1000000000"	"0"	"108199936"	"7241908224"	"0"	"0.9541938820625262"
"01/09/2019 11:36:05.386"	"44.217557669004158"	"95.94299355091475"	"0.44217557669004159"	"146432"	"0.010925001243108766"	"40.473920572859605"	"1000000000"	"0"	"104443904"	"7247749120"	"0"	"1.1871655351558874"
"01/09/2019 11:36:06.386"	"26.662324954736054"	"96.47841291760642"	"0.26662324954736055"	"189022.8148148148"	"0.0098740797653438378"	"27.002390830146147"	"1000000000"	"0"	"102170624"	"7251587072"	"0"	"0"
"01/09/2019 11:36:07.412"	"1.3062004947575545"	"91.11235839178255"	"0.013062004947575546"	"38034.285714285717"	"0.001914272928024117"	"6.8236101851168502"	"1000000000"	"0"	"101179392"	"7252979712"	"0"	"1.3800398137709058"
"01/09/2019 11:36:08.401"	"63.618498476057439"	"95.180067241709949"	"0.63618498476057439"	"87407.094339622636"	"0.011873581755140045"	"53.580133383753306"	"1000000000"	"0"	"97308672"	"7257858048"	"0"	"0"
"01/09/2019 11:36:09.387"	"570.03788320145657"	"78.743758682475445"	"5.7003788320145654"	"92139.102040816331"	"0.028679592946448642"	"198.75453483167121"	"1000000000"	"0"	"87351296"	"7275773952"	"0"	"5.32558287874404"
"01/09/2019 11:36:10.401"	"680.0463408020903"	"41.085557938327291"	"6.800463408020903"	"108586.66666666667"	"0.071845832056807668"	"94.653611785451645"	"1000000000"	"0"	"81956864"	"7286108160"	"0"	"1.402548744114962"
