"(PDH-TSV 4.0) (Hora de verano romance)(-120)"	"\\GI-AN-B3_01\Disco físico(0 D: C:)\% de tiempo inactivo"	"\\GI-AN-B3_01\Disco físico(0 D: C:)\Longitud promedio de la cola de disco"	"\\GI-AN-B3_01\Disco físico(0 D: C:)\Transferencias de disco/s"	"\\GI-AN-B3_01\Disco físico(0 D: C:)\Promedio de segundos de disco/transferencia"	"\\GI-AN-B3_01\Disco físico(0 D: C:)\Promedio de bytes de disco/transferencia"	"\\GI-AN-B3_01\Interfaz de red(Controladora Realtek PCIe GBE Family)\Ancho de banda actual"	"\\GI-AN-B3_01\Interfaz de red(Controladora Realtek PCIe GBE Family)\Total de bytes/s"	"\\GI-AN-B3_01\Memoria\Bytes disponibles"	"\\GI-AN-B3_01\Memoria\Bytes de caché"	"\\GI-AN-B3_01\Memoria\Páginas/s"	"\\GI-AN-B3_01\Memoria\Errores de página/s"	"\\GI-AN-B3_01\Procesador(_Total)\% de tiempo de procesador"
"10/05/2022 10:09:17.051"	" "	" "	" "	" "	" "	"1000000000"	" "	"16006213632"	"44834816"	" "	" "	" "
"10/05/2022 10:09:18.061"	"99.840795210255152"	"9.8989485633804434e-005"	"1.986317108170865"	"5.0045056591014155e-005"	"4096"	"1000000000"	"0"	"16005890048"	"44838912"	"0"	"226.44015033147863"	"0.23715900968146464"
"10/05/2022 10:09:19.051"	"99.472409409813196"	"0.0077768052843492901"	"62.611514520469129"	"0.00012419163030371398"	"4624.5161290322585"	"1000000000"	"0"	"16005349376"	"43028480"	"0"	"1650.1163665555896"	"2.9477424944234221"
"10/05/2022 10:09:20.051"	"99.139481301033953"	"0.0098989497214345551"	"4.9994113982803201"	"0.0019799877517932009"	"10649.6"	"1000000000"	"0"	"16005365760"	"43024384"	"0"	"2.9996468389681921"	"0.010608874398421175"
"10/05/2022 10:09:21.051"	"100.15942316491378"	"0.00019997888223003652"	"1.9998075375357938"	"0.00010009011318202831"	"4096"	"1000000000"	"0"	"16002727936"	"43024384"	"0"	"1659.8402561547089"	"2.3540614111149827"
"10/05/2022 10:09:22.051"	"93.940051748519835"	"0.099889421710240886"	"147.98466598706531"	"0.00067499917436928032"	"19096.216216216217"	"1000000000"	"30816.806795414548"	"15998160896"	"45842432"	"0.99989639180449541"	"1714.8223119447096"	"9.3845961712654571"
"10/05/2022 10:09:23.051"	"99.689542566984727"	"0.0049994755550142791"	"1.9998056130982127"	"0.0025000072180370084"	"4096"	"1000000000"	"0"	"16000737280"	"43290624"	"0"	"0.99990280654910635"	"0.010488899714422573"
"10/05/2022 10:09:24.052"	"99.689482759568875"	"0.0048994831045324717"	"1.9997921421388507"	"0.0024499621614459941"	"4096"	"1000000000"	"0"	"16000737280"	"43290624"	"0"	"0"	"0.010548887092409753"
"10/05/2022 10:09:25.052"	"99.219532339338201"	"0.009698976757952036"	"2.9996853265963499"	"0.0032333597780822543"	"5461.333333333333"	"1000000000"	"0"	"16000745472"	"43290624"	"0"	"0"	"0.010548887092409753"
"10/05/2022 10:09:26.052"	"100.16939206138069"	"0.0001999788222427245"	"1.9996940020553826"	"9.9929712359621213e-005"	"4096"	"1000000000"	"0"	"16000745472"	"43290624"	"0"	"0"	"0.010588878637751709"
"10/05/2022 10:09:27.052"	"99.689542566984727"	"0.0047994965328137075"	"1.9998851596056932"	"0.0024000775056773871"	"4096"	"1000000000"	"0"	"16000745472"	"43290624"	"0"	"0"	"0.010488899714422573"
"10/05/2022 10:09:28.052"	"99.699441829110299"	"0.0048994811449467497"	"1.9997876518593933"	"0.0024499621614459941"	"4096"	"1000000000"	"0"	"16000745472"	"43290624"	"0"	"0"	"0.010588878637751709"
"10/05/2022 10:09:29.058"	"93.33270110841157"	"0.10855182619063311"	"155.0654360457886"	"0.00069999947108857026"	"18694.564102564102"	"1000000000"	"30635.363711097463"	"15998005248"	"45944832"	"0.99400920542172178"	"1644.0912257675277"	"5.2532423645172299"
"10/05/2022 10:09:30.070"	"93.785497573625179"	"0.10931263601689266"	"170.98836316340842"	"0.00063930761080595896"	"18254.42774566474"	"1000000000"	"30461.626316163281"	"16000479232"	"43560960"	"0.9883720414069852"	"1626.8603801558977"	"5.7969202499088439"
"10/05/2022 10:09:31.056"	"100.14334442262418"	"0.00020282196338759328"	"2.0283080314645021"	"9.9929712359621213e-005"	"6144"	"1000000000"	"0"	"16000479232"	"43560960"	"0"	"0"	"0.1735648951689317"
"10/05/2022 10:09:32.060"	"85.806084225005534"	"0.2098345165530254"	"349.5540986906106"	"0.00060028476894815859"	"17247.544159544159"	"1000000000"	"61386.081604812643"	"15994990592"	"48824320"	"1.9917612461003453"	"2814.3586407397879"	"12.081379143584369"
"10/05/2022 10:09:33.060"	"91.132669312473197"	"0.12516246377711324"	"206.93832726129847"	"0.00060483198225395971"	"15513.352657004831"	"1000000000"	"30810.817614459993"	"16000958464"	"42786816"	"0.99970206406424378"	"1031.6925301142996"	"3.1540441021737586"
"10/05/2022 10:09:34.054"	"92.191665708432694"	"0.11468627117810265"	"190.12917734595206"	"0.00060317328941548629"	"15907.216931216932"	"1000000000"	"38947.308095904125"	"15998554112"	"45236224"	"1.0059744833119155"	"901.35313704747637"	"7.2575383839356356"
"10/05/2022 10:09:35.067"	"74.830032102330733"	"0.34209425897078727"	"583.89960150195066"	"0.00058595641751371338"	"16085.983079526226"	"1000000000"	"111146.42532955405"	"15992696832"	"51179520"	"1.9759715786868044"	"3889.7000526449747"	"23.595573657892498"
"10/05/2022 10:09:36.051"	"94.462640635065213"	"0.076179548899246149"	"134.0573991048922"	"0.00056818102832928354"	"16880.484848484848"	"1000000000"	"25590.745020038437"	"16000811008"	"43069440"	"1.0155863568552441"	"546.38545998812128"	"5.5691008436427936"
"10/05/2022 10:09:37.059"	"94.499045878239656"	"0.071164600246505436"	"118.00217238472429"	"0.00060252210101602213"	"14766.252100840336"	"1000000000"	"15084.445767364923"	"15999086592"	"44945408"	"0"	"847.83073436083419"	"3.848387044906354"
"10/05/2022 10:09:38.062"	"79.62294464366515"	"0.26830012139284837"	"438.95049804073676"	"0.00061181758600203603"	"16216.436363636363"	"1000000000"	"79635.596492272394"	"15993937920"	"49950720"	"2.9928443048232052"	"1971.2867821102179"	"15.128409315156965"
"10/05/2022 10:09:39.048"	"90.85728182812764"	"0.12124450227204081"	"213.06946132927121"	"0.00056904865095957656"	"14882.133333333333"	"1000000000"	"32660.504572329715"	"15998803968"	"45162496"	"0"	"910.11098482074408"	"5.6740600786293394"
"10/05/2022 10:09:40.058"	"90.732973364176132"	"0.12055499242671162"	"204.87467868201202"	"0.00058840600817963295"	"14899.942028985508"	"1000000000"	"38478.829747822529"	"15998795776"	"45117440"	"0.98973274725609672"	"1011.5068676957308"	"4.8884950451205222"
"10/05/2022 10:09:41.059"	"99.588823867581837"	"0.0056959291194583232"	"12.990814885578775"	"0.00043846181731219895"	"5041.2307692307695"	"1000000000"	"0"	"16001347584"	"42565632"	"0"	"0"	"0.071418956871527328"
"10/05/2022 10:09:42.069"	"100.16285863453011"	"0.0002968081547842655"	"1.9787279152392072"	"0.00014997476895063535"	"4096"	"1000000000"	"0"	"16001351680"	"42565632"	"0"	"0.98936395761960361"	"0"
"10/05/2022 10:09:43.066"	"99.602852813532266"	"0.0058194474294196346"	"12.04025532635352"	"0.00048331441138298338"	"4778.666666666667"	"1000000000"	"0"	"16001351680"	"42565632"	"0"	"0"	"0"
"10/05/2022 10:09:44.056"	"99.12267243774609"	"0.010504134841578961"	"9.090464556391904"	"0.0011555631692479256"	"5461.333333333333"	"1000000000"	"0"	"16001351680"	"42565632"	"0"	"0"	"1.3659213343321652"
"10/05/2022 10:09:45.058"	"89.957342389964239"	"0.11680178736683848"	"199.65662701533876"	"0.0005850010474173703"	"16076.799999999999"	"1000000000"	"34708.308040346492"	"15999799296"	"43974656"	"0.99828313507669375"	"1136.0462077172776"	"6.4088242252896883"
"10/05/2022 10:09:46.060"	"100.07547820491993"	"0.0008980748866729279"	"9.9795714649766367"	"8.9984861370381216e-005"	"5324.8000000000002"	"1000000000"	"0"	"16002220032"	"41783296"	"0"	"0"	"0.21390148078578308"
"10/05/2022 10:09:47.074"	"95.53652148200301"	"0.045582849245776505"	"72.021952371276413"	"0.00063287572707220873"	"13971.287671232876"	"1000000000"	"13248.092827965749"	"16001384448"	"42631168"	"0.986602087277759"	"213.10605085199595"	"2.1066380172210408"
"10/05/2022 10:09:48.067"	"93.104717352630644"	"0.079783921396840402"	"150.9029903780428"	"0.00052866613991036585"	"16329.386666666667"	"1000000000"	"24116.309902282948"	"16002269184"	"41787392"	"0"	"806.82798855460214"	"4.1058637057206804"
"10/05/2022 10:09:49.062"	"90.895712058157159"	"0.11397171509726878"	"216.28437431422412"	"0.00052697713168459149"	"15793.413953488372"	"1000000000"	"37623.4213923348"	"15999340544"	"44703744"	"1.0059738340196471"	"1220.2462606658319"	"5.6941898466994934"
"10/05/2022 10:09:50.056"	"99.627242820078678"	"0.0056332043597782768"	"10.059082598175729"	"0.00055999135118765581"	"5734.3999999999996"	"1000000000"	"0"	"16002256896"	"41791488"	"0"	"0"	"0.97882961327246942"
"10/05/2022 10:09:51.059"	"89.604717069668709"	"0.12951537935353494"	"214.20302391756044"	"0.0006046514164478121"	"16174.437209302325"	"1000000000"	"38572.484995312887"	"16002342912"	"41799680"	"0.99629313450028123"	"1482.4841841364184"	"9.712836508353039"
"10/05/2022 10:09:52.063"	"99.169907821002795"	"0.010261704345552831"	"6.9740318806135768"	"0.0014714254871499007"	"6436.5714285714284"	"1000000000"	"0"	"16002371584"	"41799680"	"0"	"0"	"0"
"10/05/2022 10:09:53.048"	"82.378631693974853"	"0.25526202397898745"	"390.02976344086022"	"0.00065442700121145397"	"16533.333333333332"	"1000000000"	"63944.567154121862"	"15996866560"	"47276032"	"2.0314050179211467"	"2573.7901577060929"	"15.088301563893825"
"10/05/2022 10:09:54.053"	"90.788403151428682"	"0.11615823735444045"	"209.85184347367758"	"0.00055355464102895739"	"15180.436018957345"	"1000000000"	"33269.970937826838"	"15999369216"	"44773376"	"0"	"818.52164539733008"	"8.3190282010917826"
"10/05/2022 10:09:55.055"	"99.146396830908287"	"0.010379731498303263"	"11.97671273403491"	"0.00086667237693594434"	"4437.333333333333"	"1000000000"	"0"	"16002072576"	"42070016"	"0"	"0"	"0.19488943939169889"
"10/05/2022 10:09:56.059"	"90.023949598543595"	"0.11507045350411449"	"188.29555079768849"	"0.0006111118571022375"	"15235.386243386243"	"1000000000"	"34638.411164730336"	"16002076672"	"42074112"	"0.99627275554332539"	"591.78601679273527"	"8.1553469055363195"
"10/05/2022 10:09:57.059"	"100.15946322446878"	"0.00019997896221317517"	"1.999708113108416"	"9.9929712359621213e-005"	"4096"	"1000000000"	"0"	"16002072576"	"42074112"	"0"	"0"	"0.010518893412414521"
"10/05/2022 10:09:58.059"	"99.629518974603869"	"0.0053994319797557293"	"7.9994328629003801"	"0.00067500676089466446"	"5120"	"1000000000"	"0"	"16002072576"	"42074112"	"0"	"0"	"0.010518893412414521"
"10/05/2022 10:09:59.059"	"99.699441829110299"	"0.0048994811449467497"	"1.9998190842390615"	"0.0024499621614459941"	"4096"	"1000000000"	"0"	"16002072576"	"42074112"	"0"	"0"	"0.010588878637751709"
"10/05/2022 10:10:00.059"	"99.699481704680153"	"0.0048994831045324717"	"1.9997863689261093"	"0.0024499621614459941"	"6144"	"1000000000"	"0"	"16002072576"	"42074112"	"0"	"0"	"0.010548887092409753"
"10/05/2022 10:10:01.071"	"99.004674325532505"	"0.010775346481760402"	"5.9310991966456559"	"0.0018166997145827766"	"10240"	"1000000000"	"0"	"16002072576"	"42074112"	"0"	"31.632529048776831"	"0"
"10/05/2022 10:10:02.066"	"90.859719266481378"	"0.10672826220661788"	"195.974973909326"	"0.00054461590414953554"	"16163.446153846155"	"1000000000"	"30974.095876335527"	"15999176704"	"44990464"	"1.0049998662016717"	"717.56990446799364"	"8.1390751664438312"
"10/05/2022 10:10:03.050"	"100.15463021661131"	"0.0002031534081472846"	"2.031200507997077"	"9.9929712359621213e-005"	"6144"	"1000000000"	"0"	"16001826816"	"42340352"	"0"	"0"	"0.80399992808369847"
"10/05/2022 10:10:04.050"	"99.649486979123708"	"0.0095989873068391286"	"10.000795651380214"	"0.00095999892210647342"	"4505.6000000000004"	"1000000000"	"0"	"16001835008"	"42340352"	"0"	"1.0000795651380214"	"0.010548887092409753"
"10/05/2022 10:10:05.051"	"99.15949900905494"	"0.01019891993437895"	"9.9989478813120307"	"0.0010199888296867276"	"4505.6000000000004"	"1000000000"	"0"	"16001810432"	"42340352"	"0"	"0"	"0.010588878637751709"
"10/05/2022 10:10:06.051"	"99.689412984341061"	"0.004999469056386212"	"1.9997870103925457"	"0.0025000072180370084"	"4096"	"1000000000"	"0"	"16001810432"	"42340352"	"0"	"0"	"0.010618872275769409"
"10/05/2022 10:10:07.051"	"90.230534816897716"	"0.11748767554283555"	"196.97725137455652"	"0.00059644679414261206"	"17070.13197969543"	"1000000000"	"30816.441052608283"	"15998922752"	"45264896"	"0.99988452474394174"	"1013.8829080903569"	"5.4786652880112863"
"10/05/2022 10:10:08.057"	"93.895575040574272"	"0.078519640395949705"	"135.1864589677769"	"0.00058088214300480604"	"15450.35294117647"	"1000000000"	"22323.658055134809"	"16000069632"	"44232704"	"0.99401808064541841"	"952.26932125831092"	"7.5965466068234395"
"10/05/2022 10:10:09.060"	"88.703231888602602"	"0.16182211703784616"	"269.00525071291185"	"0.00060148169725029142"	"15959.22962962963"	"1000000000"	"48215.704085187608"	"16002379776"	"41828352"	"0.99631574338115492"	"1450.6357223629616"	"10.475949337321488"
"10/05/2022 10:10:10.047"	"85.083111661344063"	"0.20459690101595845"	"350.8023325932715"	"0.00058323686089226437"	"16159.07514450867"	"1000000000"	"55789.737437217802"	"15997505536"	"46764032"	"1.0138795739689928"	"2333.9507792766217"	"11.287270372168656"
"10/05/2022 10:10:11.056"	"87.362822976620635"	"0.15795864317687533"	"292.33445203384775"	"0.00054033980365058025"	"15537.030508474576"	"1000000000"	"42258.679228920017"	"15999238144"	"45072384"	"1.9819284883650696"	"1564.7325415642226"	"7.8719096119816312"
"10/05/2022 10:10:12.062"	"99.079209306171251"	"0.010533998180997144"	"10.931570527534635"	"0.00096362981345005224"	"10053.818181818182"	"1000000000"	"0"	"16002232320"	"42106880"	"0"	"0"	"0"
"10/05/2022 10:10:13.049"	"89.329268169058167"	"0.13229084766298335"	"227.09151916168932"	"0.00058258867633437564"	"15104"	"1000000000"	"49684.38022801817"	"16001675264"	"42692608"	"1.0138014248289702"	"1023.9394390772599"	"12.091211143491677"
"10/05/2022 10:10:14.052"	"86.798875033943972"	"0.16598154006146401"	"289.0597093815781"	"0.0005741375975113934"	"16285.131034482758"	"1000000000"	"49835.887412621174"	"15997300736"	"47001600"	"0.99675761855716583"	"1644.6500706193235"	"7.3207429273919988"
"10/05/2022 10:10:15.053"	"97.692282099902499"	"0.026875868157980948"	"65.941128355556813"	"0.00040757848973643258"	"12784.484848484848"	"1000000000"	"10552.578752899864"	"16002043904"	"42377216"	"0"	"363.67531396094972"	"0.089709449884944892"
"10/05/2022 10:10:16.064"	"90.313173016326488"	"0.11638958134262156"	"198.76185042502408"	"0.0005855715316955911"	"16384"	"1000000000"	"33079.509554317941"	"16002011136"	"42381312"	"0.98886492748768196"	"1266.7359721117207"	"7.2937701710214853"
"10/05/2022 10:10:17.062"	"99.189673689427877"	"0.0097225124776419806"	"3.0072721940357976"	"0.0032333597780822543"	"5461.333333333333"	"1000000000"	"0"	"16002011136"	"42381312"	"0"	"0"	"0"
"10/05/2022 10:10:18.052"	"99.613318200696966"	"0.010196559377997762"	"11.104645160203846"	"0.00091819263503000565"	"4840.727272727273"	"1000000000"	"0"	"16002011136"	"42381312"	"0"	"0"	"0.62140457706387764"
"10/05/2022 10:10:19.065"	"82.286079888784442"	"0.21702040268244327"	"377.20553583805429"	"0.00057539218156440585"	"16351.832460732985"	"1000000000"	"60599.747995762809"	"15998537728"	"45850624"	"1.9748980933929545"	"2418.2627153596727"	"17.463379041239801"
"10/05/2022 10:10:20.064"	"80.799224391532476"	"0.23752108099729213"	"430.53561591783415"	"0.00055162812691238346"	"15155.200000000001"	"1000000000"	"67317.747908417819"	"16002478080"	"41869312"	"1.0012456184135679"	"2417.0069228503526"	"14.728479959208862"
"10/05/2022 10:10:21.055"	"90.621913310888047"	"0.12662046449027445"	"223.97114141985921"	"0.00056531463541813556"	"16144.144144144144"	"1000000000"	"33918.512497908407"	"15999315968"	"45056000"	"1.0088790154047713"	"1288.3385026718929"	"3.0483246246031159"
"10/05/2022 10:10:22.062"	"81.746164762282689"	"0.24311495953822843"	"398.90759977538369"	"0.00060945289991128657"	"16078.328358208955"	"1000000000"	"65089.415670812232"	"15996870656"	"47439872"	"1.9846149242556401"	"2203.9148733858883"	"14.723706794626501"
"10/05/2022 10:10:23.049"	"72.462364447459009"	"0.43639685684732832"	"513.22070624279695"	"0.0008503957087654787"	"16910.16600790514"	"1000000000"	"111545.37626434355"	"16002043904"	"42336256"	"3.0428105113209303"	"3653.4011539259968"	"23.14501671400976"
"10/05/2022 10:10:24.051"	"93.739910113453732"	"0.095386220402833163"	"155.63602275065844"	"0.00061281956768951314"	"18248.205128205129"	"1000000000"	"38452.074287537675"	"15999574016"	"44851200"	"0.99766681250422073"	"1410.7008728809683"	"4.1211337151176757"
"10/05/2022 10:10:25.057"	"99.131880862550673"	"0.015296903459752308"	"12.912998977437015"	"0.0011846217661004115"	"5356.3076923076924"	"1000000000"	"59.598456818940072"	"16002269184"	"42160128"	"0"	"3.9732304545960049"	"0.66945805355644872"
"10/05/2022 10:10:26.069"	"92.006767523241862"	"0.1069409415191188"	"180.87001902406547"	"0.00059125671455153607"	"16384"	"1000000000"	"33062.644133295289"	"16002023424"	"42426368"	"0"	"1385.6817850914742"	"8.1130715632571455"
"10/05/2022 10:10:27.055"	"93.023642798952338"	"0.099740664126712647"	"167.42616096249373"	"0.00059575781820584914"	"16632.242424242424"	"1000000000"	"31334.059700132158"	"15999766528"	"44810240"	"1.0147040058332952"	"1306.9387595132844"	"5.6687195520822353"
"10/05/2022 10:10:28.062"	"89.063736099560657"	"0.14741309878624584"	"238.40628623890981"	"0.00061833314031767696"	"17152"	"1000000000"	"39644.978682478715"	"15998976000"	"45559808"	"0.99335952599545763"	"1842.6819207215738"	"5.3213545952556789"
"10/05/2022 10:10:29.061"	"94.842761027959853"	"0.07324074382579028"	"136.06761495704578"	"0.00053823439492950735"	"14396.235294117647"	"1000000000"	"23177.517412462665"	"16002600960"	"41914368"	"1.0004971688018072"	"686.34105779803974"	"3.8527632922194632"
"10/05/2022 10:10:30.053"	"88.735751968197491"	"0.14155777271145242"	"232.88018495328626"	"0.00060779274051736337"	"15231.445887445887"	"1000000000"	"35686.115960936913"	"16002564096"	"42053632"	"1.008139328802105"	"1268.239275633048"	"8.6276841027394866"
"10/05/2022 10:10:31.065"	"66.403272944420095"	"0.46409190165558711"	"822.06905435697695"	"0.00056466333360338252"	"16561.23076923077"	"1000000000"	"143091.39477401131"	"15989850112"	"54693888"	"3.952255069023928"	"5713.9727660413437"	"32.857074413254182"
"10/05/2022 10:10:32.060"	"93.640118686514199"	"0.075663707877395861"	"142.68679547686841"	"0.00053028285971134874"	"15432.112676056338"	"1000000000"	"25753.961746986886"	"16001511424"	"43040768"	"1.0048365878652705"	"528.54404521713229"	"5.7971764474653238"
"10/05/2022 10:10:33.058"	"93.409858784621363"	"0.071267742886431798"	"142.32467396337071"	"0.0005007035925595725"	"14710.985915492958"	"1000000000"	"26845.23991151353"	"16002048000"	"42463232"	"0"	"716.6348019986624"	"3.6795405345561805"
"10/05/2022 10:10:34.060"	"90.240822895671172"	"0.1206006350901325"	"205.65126532557326"	"0.00058640827653542809"	"15389.825242718447"	"1000000000"	"33395.369551801341"	"15999074304"	"45424640"	"0.99830711323093813"	"1119.1022739318817"	"6.4047223534774655"
"10/05/2022 10:10:35.071"	"89.881581461187494"	"0.11919637919748419"	"207.53200511942416"	"0.00057428535590444817"	"15096.685714285713"	"1000000000"	"31829.48009945911"	"15998971904"	"45551616"	"0.98824764342582927"	"1077.1899313341539"	"7.3411231362840557"
"10/05/2022 10:10:36.057"	"90.630646024417516"	"0.10207616424156293"	"190.78969218768518"	"0.00053510567550871301"	"15251.063829787234"	"1000000000"	"31259.064355133396"	"16001789952"	"42737664"	"1.0148387882323679"	"544.96842928078161"	"3.2889224227239833"
"10/05/2022 10:10:37.057"	"99.609491198678541"	"0.0055994092623228246"	"8.9991137123423979"	"0.00062221261243072866"	"7281.7777777777774"	"1000000000"	"0"	"16001789952"	"42737664"	"0"	"0"	"0.010548887092409753"
"10/05/2022 10:10:38.057"	"100.16943212491083"	"0.00019997890222581518"	"1.9996984919142911"	"0.00010009011318202831"	"6144"	"1000000000"	"0"	"16001798144"	"42737664"	"0"	"0"	"0.010548887092409753"
"10/05/2022 10:10:39.057"	"99.14950006794281"	"0.01019891993437895"	"9.9994193827364857"	"0.0010199888296867276"	"6144"	"1000000000"	"0"	"16001798144"	"42737664"	"0"	"0"	"0.010588878637751709"
"10/05/2022 10:10:40.063"	"89.75901817060678"	"0.11188797278884502"	"204.86754687148061"	"0.0005461165243204881"	"15827.26213592233"	"1000000000"	"30650.571818344819"	"16002605056"	"41955328"	"0.99450265471592536"	"1138.7055396497344"	"3.6520234318278999"
"10/05/2022 10:10:41.050"	"90.994040528296054"	"0.10966675483212177"	"206.58148070422104"	"0.00053088269056918201"	"15540.705882352941"	"1000000000"	"35207.965299629206"	"16000151552"	"44400640"	"0"	"1009.6163542260215"	"8.2313051093163896"
"10/05/2022 10:10:42.050"	"99.609550958104492"	"0.0056994021327162782"	"9.9991627778070029"	"0.00057000036250585864"	"5734.3999999999996"	"1000000000"	"0"	"16002605056"	"41955328"	"0"	"0.99991627778070036"	"0.79165695518540469"
"10/05/2022 10:10:43.056"	"97.242521815441634"	"0.029527685286970824"	"51.698139180045111"	"0.00057115648227966983"	"14099.692307692309"	"1000000000"	"10447.000894306038"	"16002060288"	"42549248"	"0.99419498423163666"	"242.58357615251936"	"1.3569015297428821"
"10/05/2022 10:10:44.061"	"83.571475397148546"	"0.18811291510059266"	"349.16712493226544"	"0.00053874569103183579"	"15660.490028490029"	"1000000000"	"56047.789609497711"	"15997030400"	"47566848"	"0.99477813371015789"	"1516.0418757742807"	"5.9621945763992601"
"10/05/2022 10:10:45.053"	"99.656293243965195"	"0.0054484558420311033"	"7.062530262895554"	"0.00077143629816533077"	"8777.1428571428569"	"1000000000"	"0"	"16002367488"	"42229760"	"0"	"0"	"0.67919037964133677"
"10/05/2022 10:10:46.060"	"99.141531237276581"	"0.010225893968996083"	"10.920822755399961"	"0.00093636167364084593"	"4468.363636363636"	"1000000000"	"0"	"16002387968"	"42229760"	"0"	"0"	"0.71947602916424547"
"10/05/2022 10:10:47.067"	"87.307682837815406"	"0.14375884097015773"	"219.40953669787154"	"0.00065520469873204721"	"15401.701357466063"	"1000000000"	"34464.174918234901"	"16001888256"	"42819584"	"0.99280333347453187"	"1011.666596810548"	"5.3728278317116125"
"10/05/2022 10:10:48.056"	"100.15466039168297"	"0.00030331514352417618"	"2.0222170756264144"	"0.00014997476895063535"	"4096"	"1000000000"	"0"	"16001892352"	"42819584"	"0"	"1.0111085378132072"	"0.47471853112969198"
"10/05/2022 10:10:49.065"	"99.621934313168765"	"0.005650761524381152"	"10.904981694161469"	"0.00051818214773259868"	"4468.363636363636"	"1000000000"	"0"	"16002478080"	"42233856"	"0"	"0"	"0"
"10/05/2022 10:10:50.049"	"99.697474286634858"	"0.0049772554661692394"	"2.0315288028302798"	"0.0024499621614459941"	"4096"	"1000000000"	"0"	"16002478080"	"42233856"	"0"	"0"	"0.01049286713582509"
"10/05/2022 10:10:51.049"	"99.689383080701916"	"0.0049994675567052111"	"1.9997908591998053"	"0.0025000072180370084"	"4096"	"1000000000"	"0"	"16002478080"	"42233856"	"0"	"0"	"0.010648865895779291"
"10/05/2022 10:10:52.052"	"87.000420497047841"	"0.21064728831243509"	"150.48802447474196"	"0.0013993367746795112"	"16980.768211920531"	"1000000000"	"35549.058496781756"	"15999868928"	"44662784"	"0.9966094336075626"	"1091.287329800281"	"9.6549431930221026"
"10/05/2022 10:10:53.060"	"90.293458205702137"	"0.12595624762343191"	"222.38900913824315"	"0.00056651851893946455"	"15817.142857142857"	"1000000000"	"40155.115462524031"	"16002101248"	"42504192"	"0.99280807651001413"	"1191.369691812017"	"10.82441589899361"
"10/05/2022 10:10:54.071"	"89.604866276110769"	"0.12659407156006819"	"211.61622178057007"	"0.00059813016953674358"	"15599.252336448599"	"1000000000"	"30476.691379799857"	"16002203648"	"42508288"	"0.98886084944191621"	"1100.6021254288528"	"6.507063850291428"
"10/05/2022 10:10:55.056"	"95.222465031726784"	"0.057852062532598877"	"89.344324701786931"	"0.00064772768466574843"	"13730.90909090909"	"1000000000"	"16707.388719234157"	"16001236992"	"43491328"	"0"	"546.21871238137919"	"4.0556528721975909"
"10/05/2022 10:10:56.063"	"81.21890536145095"	"0.23401215730901118"	"417.10612721094373"	"0.00056095222849521828"	"15418.514285714286"	"1000000000"	"67303.052954965853"	"15997919232"	"46813184"	"1.9862196533854464"	"2502.6367632656625"	"10.7617582418019"
"10/05/2022 10:10:57.055"	"76.243349003224097"	"0.30043510142937119"	"514.33569811389123"	"0.00058411815096901497"	"15962.35294117647"	"1000000000"	"99666.156278045906"	"16002490368"	"42270720"	"2.0170027377015343"	"2858.0928793230742"	"10.179586367729543"
"10/05/2022 10:10:58.065"	"90.700555131347045"	"0.10205420969160624"	"182.13343655738063"	"0.00056032540333519063"	"16005.565217391304"	"1000000000"	"31810.000636999914"	"15999967232"	"44740608"	"0.98985563346402516"	"991.83534473095324"	"7.9742744203053606"
"10/05/2022 10:10:59.062"	"99.632763466702428"	"0.0056187661169540149"	"9.0302438141968899"	"0.00062221261243072866"	"7281.7777777777774"	"1000000000"	"0"	"16002707456"	"42004480"	"0"	"0"	"0"
"10/05/2022 10:11:00.058"	"82.05614591899672"	"0.21322149979440788"	"382.47064879774445"	"0.00055748084676724113"	"15846.46719160105"	"1000000000"	"81639.915968832982"	"16000176128"	"44609536"	"2.0077199411955089"	"2320.9242520220082"	"16.86720597116571"
"10/05/2022 10:11:01.060"	"89.052738035015977"	"0.12429675321119066"	"217.47681786033172"	"0.00057155963508771692"	"14984.220183486239"	"1000000000"	"33317.847536235589"	"16002514944"	"42283008"	"0.99760008192812721"	"1186.1464974125433"	"7.2575138434760706"
"10/05/2022 10:11:02.046"	"69.794464082136827"	"0.43275206463026239"	"573.42610632463652"	"0.00075469012785430323"	"16239.008849557522"	"1000000000"	"97790.971767794734"	"15994257408"	"50536448"	"2.0298269250429608"	"3668.9121670151521"	"22.296951340866645"
"10/05/2022 10:11:03.053"	"100.0788120645008"	"0.0011914144293392953"	"12.906435113951925"	"9.231684255768439e-005"	"5671.3846153846152"	"1000000000"	"0"	"16002244608"	"42553344"	"0"	"0"	"0.71546422172540369"
"10/05/2022 10:11:04.062"	"99.121268023354162"	"0.010596438883503742"	"15.845912140512656"	"0.00066873107871798676"	"4352"	"1000000000"	"0"	"16002244608"	"42553344"	"0"	"0"	"0"
"10/05/2022 10:11:05.061"	"83.134497149502636"	"0.21319620382518872"	"374.62999361493394"	"0.00056898460499840155"	"16033.540106951872"	"1000000000"	"61311.103340061163"	"16001556480"	"43184128"	"2.0033689498124807"	"2755.6339904670672"	"10.771678086556058"
"10/05/2022 10:11:06.059"	"95.755919033529096"	"0.055072420232605876"	"101.14478035190342"	"0.00054455285143732051"	"13910.178217821782"	"1000000000"	"18049.836842205023"	"16000647168"	"44220416"	"0"	"553.792708263392"	"2.9974416357510081"
"10/05/2022 10:11:07.063"	"81.220588422838048"	"0.24639170163110707"	"445.08853540783844"	"0.00055324432563233765"	"15476.832214765102"	"1000000000"	"73125.955347542855"	"15998980096"	"45715456"	"1.9914475857173979"	"3136.5299475049014"	"10.486233548646274"
"10/05/2022 10:11:08.049"	"88.727264462848481"	"0.15127770304643465"	"265.99115885850074"	"0.00056908375139399646"	"15336.549618320611"	"1000000000"	"51565.736415041865"	"16002613248"	"42311680"	"1.0152334307576363"	"1685.2874950576763"	"11.222005254439759"
"10/05/2022 10:11:09.060"	"91.013823404116707"	"0.11576926700653993"	"196.74835712915078"	"0.00058844210449754408"	"15828.261306532664"	"1000000000"	"36976.826917739898"	"15999803392"	"45010944"	"0.98868521170427526"	"1343.6232027061101"	"7.3153818799050585"
"10/05/2022 10:11:10.045"	"100.07347050468537"	"0.0012189216870241825"	"13.205049095945729"	"9.2292165508083289e-005"	"5041.2307692307695"	"1000000000"	"0"	"16002498560"	"42315776"	"0"	"0"	"0.010330361297528068"
"10/05/2022 10:11:11.057"	"89.239488275954741"	"0.1309148826014615"	"229.21299372157969"	"0.00057112095583757168"	"16242.758620689656"	"1000000000"	"30449.760631461577"	"15999193088"	"45641728"	"0.98798704190336073"	"1394.0497161256419"	"9.6872566959257274"
"10/05/2022 10:11:12.063"	"98.465046399218323"	"0.017192625178708891"	"8.9445882706275963"	"0.001922243455726646"	"6371.5555555555557"	"1000000000"	"0"	"16002514944"	"42319872"	"0"	"0"	"0"
"10/05/2022 10:11:13.049"	"87.677467002542187"	"0.17910746874087854"	"185.58819234939824"	"0.00096502744406357457"	"17682.185792349726"	"1000000000"	"31255.89119239592"	"15999561728"	"45408256"	"1.01414312759234"	"1474.5641075192625"	"8.0882539374738442"
"10/05/2022 10:11:14.052"	"82.472701665344459"	"0.22828778775974715"	"399.77100711468108"	"0.00057107172799896377"	"16036.708229426435"	"1000000000"	"71946.818058484554"	"15996579840"	"48402432"	"1.99387035967422"	"2313.8865524019325"	"20.560335864170966"
"10/05/2022 10:11:15.067"	"77.599091784249111"	"0.2845070167232594"	"510.30238745065122"	"0.00055752910566747766"	"16257.482625482626"	"1000000000"	"81037.595350753996"	"15996366848"	"48566272"	"1.9702794882264525"	"2964.2854900366979"	"22.266683558449841"
"10/05/2022 10:11:16.064"	"95.082169559355606"	"0.054992114953590368"	"105.36817447386746"	"0.00052190455781381067"	"15291.733333333334"	"1000000000"	"15464.033987069499"	"16002854912"	"42078208"	"0"	"339.1851711634971"	"0.43341413227109271"
"10/05/2022 10:11:17.056"	"91.614502614045648"	"0.10003650879233267"	"183.34112550167416"	"0.00054560427874093928"	"15281.23076923077"	"1000000000"	"31047.107076712073"	"16000442368"	"44466176"	"1.0073688214377701"	"787.76241836433621"	"8.702833743150574"
"10/05/2022 10:11:18.064"	"99.266235656237342"	"0.005557242024142049"	"10.916323818043766"	"0.00050911221032012475"	"6330.181818181818"	"1000000000"	"1484.6200392539522"	"16002842624"	"42086400"	"0"	"0.99239307436761504"	"0"
"10/05/2022 10:11:19.049"	"81.505502611680058"	"0.21359012086275783"	"398.14020514695272"	"0.00053647937308602125"	"14983.836734693878"	"1000000000"	"65217.803196163586"	"16002732032"	"42356736"	"2.0313275772803707"	"1997.8106722552448"	"12.718017063037323"
"10/05/2022 10:11:20.064"	"90.266793665785997"	"0.11776926499866919"	"203.8311655861099"	"0.00057777771020796277"	"15394.628019323671"	"1000000000"	"30354.103914770163"	"15999995904"	"45137920"	"0.98469162118893672"	"1159.9667297605674"	"6.1464626238657445"
"10/05/2022 10:11:21.049"	"99.098041239249639"	"0.010868686359778303"	"16.252304566053365"	"0.00066875112882078768"	"4352"	"1000000000"	"0"	"16002772992"	"42360832"	"0"	"0"	"0.010624902740496989"
"10/05/2022 10:11:22.051"	"99.120256601466934"	"0.010473610690504205"	"9.9744175226690501"	"0.0010499837834768546"	"12288"	"1000000000"	"119.69301027202862"	"16002772992"	"42360832"	"0"	"0"	"0.25132675710279884"
"10/05/2022 10:11:23.061"	"85.712191653015182"	"0.16005419656953146"	"288.2323255239786"	"0.0005553263881629281"	"16384"	"1000000000"	"47046.250851333112"	"15998537728"	"46616576"	"0.99048909114769268"	"1721.4700404146899"	"10.241883885434477"
"10/05/2022 10:11:24.053"	"85.523513122136194"	"0.17411007383959867"	"317.3686652492658"	"0.00054857183105019055"	"15031.669841269841"	"1000000000"	"55858.900123015228"	"15998717952"	"46346240"	"1.0075195722198915"	"1695.6554400460775"	"10.262277480675596"
"10/05/2022 10:11:25.059"	"99.608151577051146"	"0.0057686198616764524"	"11.935688310130194"	"0.00048334114485338453"	"5120"	"1000000000"	"0"	"16002433024"	"42631168"	"0"	"0"	"0.54103686764737091"
"10/05/2022 10:11:26.064"	"89.341554533104357"	"0.14200772470310888"	"235.68314347439932"	"0.00060253181503951863"	"15744.540084388185"	"1000000000"	"45101.997000581883"	"15999262720"	"45862912"	"1.9888872867037917"	"1866.5707185715087"	"10.654716272444409"
"10/05/2022 10:11:27.062"	"93.701720301417723"	"0.087535154438884613"	"149.39452691399276"	"0.00058590437317641885"	"16329.020134228187"	"1000000000"	"27059.459680233802"	"15997276160"	"47882240"	"0"	"995.62929681607261"	"3.647408397920171"
"10/05/2022 10:11:28.051"	"99.619770556043733"	"0.0056619376343635935"	"9.1000506338311187"	"0.00062224825705793022"	"6826.666666666667"	"1000000000"	"0"	"16002256896"	"42901504"	"0"	"0"	"0.4737525209524529"
"10/05/2022 10:11:29.062"	"73.88421437852864"	"0.33520809253641876"	"587.32521394130652"	"0.00057070666619455897"	"15866.828282828283"	"1000000000"	"101718.00346632654"	"16000610304"	"44593152"	"2.9662889592995278"	"3721.703880934474"	"21.976361204419483"
"10/05/2022 10:11:30.057"	"97.831510367005308"	"0.024515650127913419"	"45.213507233427805"	"0.00054222606899038983"	"13562.31111111111"	"1000000000"	"7515.4896468008883"	"16002568192"	"42622976"	"0"	"224.05804695676446"	"2.6658358138683447"
"10/05/2022 10:11:31.065"	"90.350400567667279"	"0.10509784073062352"	"192.53259253811507"	"0.00054587541736914101"	"16151.752577319588"	"1000000000"	"34558.607924547643"	"15999950848"	"45281280"	"0.99243604401090246"	"1239.5526189696172"	"4.6341300027539774"
"10/05/2022 10:11:32.060"	"93.512603346050611"	"0.074275380344724196"	"147.7513194296659"	"0.00050272236531321353"	"14656.43537414966"	"1000000000"	"28750.195516776621"	"16002252800"	"42930176"	"1.0051110165283395"	"897.56413775980707"	"8.9146638194772532"
"10/05/2022 10:11:33.066"	"99.177441625635183"	"0.010140436092436636"	"6.9591584714964352"	"0.0014571268995524681"	"7021.7142857142853"	"1000000000"	"0"	"16002789376"	"42397696"	"0"	"0.99416549592806214"	"0"
"10/05/2022 10:11:34.054"	"93.954646514240096"	"0.079046190808597996"	"126.39980114640879"	"0.0006248009826795984"	"15794.175999999999"	"1000000000"	"18498.86369737922"	"16001519616"	"43556864"	"0"	"631.999005732044"	"6.6956374498383102"
"10/05/2022 10:11:35.063"	"73.221625678642781"	"0.35951828117758289"	"462.1922260912948"	"0.00077854084495350439"	"15803.87982832618"	"1000000000"	"82750.26138894615"	"15995019264"	"50114560"	"1.9836576227094198"	"2483.5393436321938"	"13.291484004855281"
"10/05/2022 10:11:36.047"	"100.0529620450866"	"0.0012189193345594307"	"14.220826737348254"	"8.5699867971791629e-005"	"4096"	"1000000000"	"0"	"16002461696"	"42672128"	"0"	"0"	"0.010523336921697268"
"10/05/2022 10:11:37.052"	"80.096482207110142"	"0.25052554603815158"	"440.1563141322988"	"0.00056923058371741988"	"15494.371040723981"	"1000000000"	"72548.117188158896"	"15997255680"	"47935488"	"1.9916575300104018"	"2239.6188924966968"	"17.541149517947431"
"10/05/2022 10:11:38.058"	"80.913382447607461"	"0.23732605361244227"	"350.6369172254532"	"0.00067677060194956174"	"16128.725212464589"	"1000000000"	"59240.752813954758"	"15992147968"	"53051392"	"1.986611429039395"	"2133.6206747883102"	"9.9720652631746241"
"10/05/2022 10:11:39.064"	"100.07466566529017"	"0.00089503328131532503"	"9.9455437473418744"	"9.0016941534862635e-005"	"6144"	"1000000000"	"0"	"16002248704"	"42950656"	"0"	"0"	"0"
"10/05/2022 10:11:40.051"	"89.524635425832884"	"0.12890494389445226"	"221.73419855376511"	"0.00058127793192638605"	"15205.698630136987"	"1000000000"	"33869.645707856398"	"16000159744"	"45035520"	"0"	"1180.5574224369411"	"8.2324388025550981"
"10/05/2022 10:11:41.053"	"99.540820421611429"	"0.0059898197024337435"	"11.980287734761331"	"0.00049999609691332139"	"9898.6666666666661"	"1000000000"	"0"	"16003031040"	"42164224"	"0"	"0"	"0.94959606652533779"
"10/05/2022 10:11:42.059"	"82.754916846563617"	"0.21744656906482671"	"383.6092651384389"	"0.00056683988453979793"	"16500.725388601037"	"1000000000"	"61258.225655785944"	"15997390848"	"47796224"	"1.9876127727380255"	"2461.6584190360445"	"12.2648312374121"
"10/05/2022 10:11:43.071"	"90.606452401070996"	"0.10180500269783258"	"192.737742562177"	"0.00052820402102816944"	"15606.810256410256"	"1000000000"	"30302.326725493447"	"16000290816"	"44949504"	"0.98839867980603591"	"1264.1619114719199"	"5.0211215728655496"
"10/05/2022 10:11:44.065"	"99.604209885604604"	"0.0057365261831660731"	"10.064148964815411"	"0.00057000036250585864"	"5734.3999999999996"	"1000000000"	"0"	"16002801664"	"42438656"	"0"	"0"	"0"
"10/05/2022 10:11:45.058"	"89.982272404815504"	"0.11791544425474368"	"209.44722727231613"	"0.00056298220959930814"	"15005.538461538461"	"1000000000"	"32305.220891107914"	"16002809856"	"42442752"	"1.0069578234245968"	"1255.6764058104723"	"6.3838474973680448"
"10/05/2022 10:11:46.059"	"83.253624364721603"	"0.20868349087821386"	"365.64774690291694"	"0.00057076485210860988"	"15164.153005464481"	"1000000000"	"63940.401905137951"	"15997677568"	"47472640"	"1.9980751196880708"	"2428.6603079808501"	"15.712448334852592"
"10/05/2022 10:11:47.061"	"91.022237469607731"	"0.10960166426985744"	"193.46983699503443"	"0.00056649436432371916"	"15328.329896907217"	"1000000000"	"27662.197621485902"	"15999954944"	"45260800"	"0"	"1020.2043466284548"	"5.7253655549594047"
"10/05/2022 10:11:48.046"	"98.434104456349885"	"0.019501958575605386"	"32.501410673679359"	"0.00059999932631654587"	"13568"	"1000000000"	"4686.2971515111431"	"16002502656"	"42717184"	"1.01566908355248"	"56.877468678938882"	"0.014372537179418998"
"10/05/2022 10:11:49.051"	"86.309240304494139"	"0.16274432925596577"	"283.68694755013303"	"0.00057368451613209321"	"15536.056140350876"	"1000000000"	"49283.888235446262"	"16002093056"	"43163648"	"0.99539279842151929"	"1487.1168408417498"	"10.571493384766518"
"10/05/2022 10:11:50.055"	"76.184522918453879"	"0.28953903533003716"	"517.91467795108997"	"0.0005590382001468136"	"15525.415384615384"	"1000000000"	"97065.178566156581"	"15995084800"	"50143232"	"1.9919795305811152"	"2193.1694631698078"	"13.627577502488275"
"10/05/2022 10:11:51.067"	"87.573892014920645"	"0.14057264335841183"	"264.74721453720343"	"0.00053097101194681125"	"15497.552238805971"	"1000000000"	"39579.708573311909"	"16002326528"	"43020288"	"0.98786274081046055"	"1102.4548187444739"	"5.0727164601378272"
"10/05/2022 10:11:52.056"	"93.23648553984755"	"0.082341867450836395"	"153.7590197077426"	"0.00053552558258887235"	"15063.578947368422"	"1000000000"	"21823.665073518674"	"16003088384"	"42217472"	"1.0115724980772538"	"778.91082351948546"	"4.3749427830236165"
"10/05/2022 10:11:53.064"	"100.16193126564752"	"0.00019836009756539759"	"1.9835067867472702"	"9.9929712359621213e-005"	"6144"	"1000000000"	"0"	"16003092480"	"42217472"	"0"	"0.99175339337363511"	"0"
"10/05/2022 10:11:54.057"	"90.660041961612222"	"0.11399218871547821"	"201.40659380420306"	"0.0005659999659950257"	"15769.6"	"1000000000"	"36283.397873827176"	"16000380928"	"44920832"	"1.0070329690210151"	"1173.1934089094827"	"11.10094602439654"
"10/05/2022 10:11:55.060"	"82.624019250898158"	"0.21408491357168785"	"382.72628834252845"	"0.0005593753117790985"	"15669.333333333334"	"1000000000"	"77175.16135140277"	"15998357504"	"46968832"	"0.99668304255866791"	"2624.2664510569725"	"15.127241986317308"
"10/05/2022 10:11:56.058"	"99.622041409224565"	"0.0058112022545861661"	"12.02269013546714"	"0.00048334114485338453"	"5120"	"1000000000"	"0"	"16002838528"	"42487808"	"0"	"0"	"1.3723755283059136"
"10/05/2022 10:11:57.068"	"100.14849912466646"	"0.00029717655526607256"	"1.9813194066829996"	"0.00014997476895063535"	"4096"	"1000000000"	"0"	"16002859008"	"42487808"	"0"	"0"	"0"
"10/05/2022 10:11:58.052"	"99.616152260855969"	"0.0055867119142929324"	"10.15811405002361"	"0.00054998233986945297"	"4915.1999999999998"	"1000000000"	"0"	"16002842624"	"42487808"	"0"	"4.063245620009444"	"0.010553806688995415"
"10/05/2022 10:11:59.060"	"90.892182498163393"	"0.11016632733452869"	"194.51288194960688"	"0.00056632783836997038"	"16070.530612244898"	"1000000000"	"33198.188402950254"	"16001482752"	"43864064"	"0.99241266300819841"	"1297.0833505517153"	"11.606409655572424"
"10/05/2022 10:12:00.067"	"79.66272869163447"	"0.27106767014310207"	"398.01462631647996"	"0.00068104669186259861"	"15321.695760598504"	"1000000000"	"66352.313639044107"	"16002592768"	"42762240"	"1.9851103556931669"	"2264.0183606680566"	"15.477457760441094"
"10/05/2022 10:12:01.059"	"90.948135064180889"	"0.1191671606760468"	"198.61353253551979"	"0.000600000038756747"	"15843.41116751269"	"1000000000"	"32399.210566301848"	"15999619072"	"45756416"	"1.008190520484872"	"1349.9671069292438"	"9.4211117429054188"
"10/05/2022 10:12:02.065"	"100.11797594444143"	"0.00069602327104090775"	"8.948885102245745"	"7.7776576553841083e-005"	"6144"	"1000000000"	"0"	"16002379776"	"43028480"	"0"	"0"	"0"
"10/05/2022 10:12:03.050"	"99.599065793045511"	"0.0057865118236709754"	"10.15179537683585"	"0.00057000036250585864"	"4915.1999999999998"	"1000000000"	"0"	"16002379776"	"43028480"	"0"	"0"	"0.068463571471644169"
"10/05/2022 10:12:04.058"	"73.522354994076437"	"0.34478490989392752"	"599.43079805103685"	"0.00057516601256733856"	"16682.384105960264"	"1000000000"	"103221.18947631164"	"16002744320"	"42614784"	"2.977305288332964"	"3976.687430116729"	"24.789201344561906"
"10/05/2022 10:12:05.060"	"92.671742388312254"	"0.09553376649951914"	"161.55459892475011"	"0.00059135624681656352"	"15928.888888888889"	"1000000000"	"28525.356466935507"	"16000425984"	"44855296"	"0"	"747.93795798495421"	"4.9523787110081656"
"10/05/2022 10:12:06.046"	"89.756918910420595"	"0.12364525274245983"	"221.13521722774777"	"0.00055917492571727547"	"15482.128440366972"	"1000000000"	"38230.018655409898"	"16000704512"	"44617728"	"1.0143817304025127"	"1074.2302524962608"	"5.7002084421611032"
"10/05/2022 10:12:07.061"	"91.660039769265751"	"0.098319776106757545"	"184.2090813511106"	"0.00053369041975998011"	"15310.716577540106"	"1000000000"	"31372.678197166686"	"16002834432"	"42524672"	"0.98507530134283738"	"868.83641578438255"	"4.5618405777340998"
"10/05/2022 10:12:08.053"	"78.52821565076313"	"0.28226592475470141"	"372.11449221490983"	"0.00075853592385373577"	"17016.715447154471"	"1000000000"	"62160.263685981139"	"15997059072"	"48304128"	"2.0168807166119773"	"2731.8649306509233"	"14.123945498776191"
"10/05/2022 10:12:09.061"	"90.450934459623852"	"0.13182288836148712"	"206.32034947215143"	"0.00063894279521826893"	"16787.692307692309"	"1000000000"	"30571.121013133208"	"15999639552"	"45625344"	"0.99192475707765115"	"1279.58293663017"	"3.910140631910719"
"10/05/2022 10:12:10.046"	"90.500465136669604"	"0.12157384753726193"	"208.03876830077817"	"0.00058439105482640163"	"16104.273170731707"	"1000000000"	"32557.559827441783"	"15999684608"	"45629440"	"1.0148232600037961"	"1308.1071821448932"	"7.2403213568209672"
"10/05/2022 10:12:11.047"	"98.659117899295708"	"0.016098224365852447"	"29.995333062191197"	"0.00053665837822150346"	"10513.066666666668"	"1000000000"	"3081.5205499224421"	"16002355200"	"43032576"	"0"	"153.97604305258147"	"0.79219262115388656"
"10/05/2022 10:12:12.056"	"84.683692688436324"	"0.21237786539245229"	"363.55466464891191"	"0.00058419640346618683"	"16975.520435967301"	"1000000000"	"64526.495220438213"	"15996534784"	"48812032"	"0.9906121652558908"	"2584.5071391526189"	"14.873027951661054"
"10/05/2022 10:12:13.067"	"85.738909691809667"	"0.16682992001162963"	"254.16997403787369"	"0.0006564200815503496"	"16049.307392996108"	"1000000000"	"44205.795718073459"	"15999508480"	"45867008"	"1.9779764516566047"	"1718.8615364895895"	"8.834420562702384"
"10/05/2022 10:12:14.062"	"86.947780062026567"	"0.17431778312816981"	"306.57645585751408"	"0.00056852467493971332"	"15954.255737704918"	"1000000000"	"49385.948948168458"	"16000520192"	"44802048"	"1.0051687077295544"	"1716.8281528020786"	"9.6807189854584372"
"10/05/2022 10:12:15.057"	"99.615105641452743"	"0.0056274043336238819"	"9.0441152861424907"	"0.00062221261243072866"	"6826.666666666667"	"1000000000"	"0"	"16003022848"	"42299392"	"0"	"0"	"1.0807831980177096"
"10/05/2022 10:12:16.059"	"81.847848463870235"	"0.2153522921890316"	"386.99353085689751"	"0.00055592858025392382"	"15750.59793814433"	"1000000000"	"66425.245278370261"	"15997624320"	"47742976"	"1.9948120147262758"	"2323.9559971561112"	"14.201031015322663"
"10/05/2022 10:12:17.066"	"89.216560070729955"	"0.13838643010859861"	"244.45688693308105"	"0.00056666611191455408"	"16533.853658536584"	"1000000000"	"42233.405262829045"	"16001363968"	"44052480"	"0.99372718265480098"	"1335.5693334880525"	"10.809499066933959"
"10/05/2022 10:12:18.056"	"84.503859669830632"	"0.17553600125148983"	"331.47758979772334"	"0.00052957309571498128"	"15822.048780487805"	"1000000000"	"51019.251961427632"	"16000528384"	"44818432"	"1.0106024079198881"	"1776.6390331231635"	"9.2066055703020169"
"10/05/2022 10:12:19.065"	"86.954807180984801"	"0.20747876736210366"	"258.600480592731"	"0.00080229910205370319"	"15960.275862068966"	"1000000000"	"38090.562742938513"	"16002490368"	"42844160"	"0.99080643905260934"	"1345.5151442334434"	"7.1101507153905512"
"10/05/2022 10:12:20.049"	"100.14434030588768"	"0.00010157656994207088"	"2.0315506487920278"	"5.0045056591014155e-005"	"4096"	"1000000000"	"0"	"16002494464"	"42844160"	"0"	"1.0157753243960139"	"0.010563963273979571"
"10/05/2022 10:12:21.049"	"99.139540778447881"	"0.01039890291574239"	"10.998676852390615"	"0.00094543161105331986"	"5213.090909090909"	"1000000000"	"0"	"16002494464"	"42844160"	"0"	"0"	"0.010548887092409753"
"10/05/2022 10:12:22.056"	"94.415673598001277"	"0.062301228526569982"	"112.29206657776625"	"0.0005548676095189774"	"14245.380530973451"	"1000000000"	"15331.345160723697"	"16001126400"	"44285952"	"0.99373510245810837"	"645.92781659777052"	"5.2936866995422438"
"10/05/2022 10:12:23.070"	"75.587727613618725"	"0.28791568566627534"	"509.72383960719719"	"0.00056479704669782401"	"16019.558994197292"	"1000000000"	"80076.925053958519"	"15993757696"	"51675136"	"1.9718523775907049"	"2573.26735275587"	"19.886474450736735"
"10/05/2022 10:12:24.065"	"100.0637134635254"	"0.0011057874704629089"	"14.073047144947246"	"7.8573488576276341e-005"	"4681.1428571428569"	"1000000000"	"60.313059192631052"	"16002314240"	"43118592"	"0"	"0"	"0"
"10/05/2022 10:12:25.061"	"99.135106400164474"	"0.01043527435791205"	"9.031351384413318"	"0.0011555631692479256"	"6826.666666666667"	"1000000000"	"0"	"16002318336"	"43118592"	"0"	"0"	"0"
"10/05/2022 10:12:26.051"	"97.12464582081185"	"0.035556812614587381"	"55.553414980146705"	"0.00063999928140431558"	"13851.927272727273"	"1000000000"	"9242.068128515315"	"16001601536"	"43839488"	"0"	"178.78099002701757"	"1.3538357416676305"
"10/05/2022 10:12:27.059"	"84.64521342281985"	"0.16867525825670351"	"305.62593107224313"	"0.00055194756241307445"	"15559.480519480519"	"1000000000"	"55145.634718859867"	"15998341120"	"47104000"	"0.99229198400078944"	"1340.5864703850664"	"6.9805561084355645"
"10/05/2022 10:12:28.066"	"97.735964032370219"	"0.02792456115210578"	"59.619031529018748"	"0.00046833297457016059"	"13243.733333333334"	"1000000000"	"7468.2773495350821"	"16003059712"	"42344448"	"0.99365052548364585"	"242.45072821800957"	"0"
"10/05/2022 10:12:29.051"	"84.346085348735727"	"0.17918974559523179"	"326.91783503821614"	"0.00054813743152825137"	"15073.788819875776"	"1000000000"	"59655.397985017094"	"15999311872"	"46153728"	"1.0152727796217893"	"1607.1768101412924"	"11.16655671624487"
"10/05/2022 10:12:30.057"	"81.625790172231021"	"0.21454843070592494"	"392.53762897525934"	"0.00054658184243442254"	"14859.665822784809"	"1000000000"	"62301.187432194834"	"16002330624"	"43114496"	"1.9875322986089081"	"2190.260593067017"	"14.600482798562176"
"10/05/2022 10:12:31.057"	"95.077049485535625"	"0.057461954439965296"	"101.93169000538586"	"0.00056372711779265874"	"15139.137254901962"	"1000000000"	"15279.760197866175"	"16001036288"	"44457984"	"0"	"526.6470650278269"	"3.9698315745145152"
"10/05/2022 10:12:32.068"	"86.229064963285623"	"0.16197014267917217"	"292.87050817330584"	"0.0005530403598728574"	"15456.864864864865"	"1000000000"	"50949.574148230444"	"15998709760"	"46694400"	"0.98942739247738465"	"1577.1472636089511"	"5.6946901398375216"
"10/05/2022 10:12:33.063"	"94.501519564327879"	"0.06182812184261878"	"120.64055162805099"	"0.0005124993410199546"	"14745.6"	"1000000000"	"15492.257504902214"	"16002600960"	"42889216"	"1.0053379302337582"	"575.05329609370972"	"2.6081414064439978"
"10/05/2022 10:12:34.047"	"97.900045049460445"	"0.024276935844387889"	"31.492123948053742"	"0.00077096914000974884"	"14930.58064516129"	"1000000000"	"5987.5670499944763"	"16002170880"	"43249664"	"0"	"291.55611526101364"	"1.597148120289682"
"10/05/2022 10:12:35.062"	"92.130640045323261"	"0.084749545875471191"	"156.66529240796615"	"0.00054087964363836046"	"15894.540880503144"	"1000000000"	"29746.699231424514"	"15999795200"	"45625344"	"0.9853163044526172"	"964.62466205911232"	"1.4540164238707187"
"10/05/2022 10:12:36.047"	"99.148899991660571"	"0.01025923460624702"	"8.1265442046032614"	"0.0012625148731662578"	"6656"	"1000000000"	"0"	"16002265088"	"43155456"	"0"	"0"	"0.010553806688995415"
"10/05/2022 10:12:37.052"	"87.073784763748591"	"0.1488857290592023"	"255.59346115376576"	"0.00058248965735809173"	"15204.607003891051"	"1000000000"	"40654.27822974178"	"15999590400"	"45854720"	"0.99452708620142316"	"1114.8648636317953"	"8.3139402294908908"
"10/05/2022 10:12:38.052"	"92.284376255100014"	"0.087385205684677586"	"158.97072710739906"	"0.00054968655671769351"	"15508.125786163522"	"1000000000"	"27282.976108847201"	"15997587456"	"47915008"	"0"	"800.85253089953858"	"3.9225159180550695"
"10/05/2022 10:12:39.054"	"80.901490860416487"	"0.22260881365267537"	"401.11469361611819"	"0.00055497487531792704"	"15517.930348258706"	"1000000000"	"61450.371942891179"	"15997722624"	"47755264"	"1.9955954906274538"	"2268.9920728434149"	"10.354053780333693"
"10/05/2022 10:12:40.056"	"94.00810863611774"	"0.072974330904748932"	"132.77599417124372"	"0.00054962487517951715"	"14505.383458646616"	"1000000000"	"16931.435046197697"	"16001425408"	"44036096"	"0.99831574564844916"	"601.98439462601482"	"3.2915416361483874"
"10/05/2022 10:12:41.057"	"92.912732250616656"	"0.079408323090991453"	"146.8319802432614"	"0.00054081701505387034"	"15102.258503401361"	"1000000000"	"22749.967224629399"	"16002584576"	"42921984"	"0"	"747.14504232625529"	"4.0170623015728379"
"10/05/2022 10:12:42.060"	"92.723429855328703"	"0.087766611027954466"	"156.58337410033963"	"0.00056050790313548406"	"14844.738853503184"	"1000000000"	"25962.919710700899"	"16000356352"	"45158400"	"0.99734633184929689"	"941.49493726573633"	"7.2778168294870271"
"10/05/2022 10:12:43.066"	"99.610883180039167"	"0.0055681867219826249"	"9.9432627597386656"	"0.00056002343135213716"	"5324.8000000000002"	"1000000000"	"0"	"16002859008"	"42655744"	"0"	"0.99432627597386647"	"0"
"10/05/2022 10:12:44.061"	"72.504073643638705"	"0.34659258488830202"	"495.45375244257042"	"0.00069959420602635027"	"15735.951318458418"	"1000000000"	"88369.653873793301"	"15998193664"	"47280128"	"2.0099543709637744"	"2294.3629144551487"	"17.56618446181929"
"10/05/2022 10:12:45.051"	"77.097435116224986"	"0.2698208191764111"	"417.21783121894117"	"0.00064673145538883038"	"15253.384987893462"	"1000000000"	"66263.889639165209"	"16001875968"	"43606016"	"2.0204253327793764"	"1829.4951388317252"	"19.500761781653843"
"10/05/2022 10:12:46.054"	"86.723238507750096"	"0.15653654225933281"	"282.13626518917181"	"0.00055477033275767266"	"16094.530035335689"	"1000000000"	"48533.419300138739"	"15998066688"	"47456256"	"0.99694793353064248"	"1633.0007151231923"	"5.747802481193931"
"10/05/2022 10:12:47.061"	"92.611766014511005"	"0.084716178456169314"	"147.96700014304133"	"0.00057248237684238089"	"15119.463087248321"	"1000000000"	"25577.436615330018"	"16000401408"	"45121536"	"0.99306711505396872"	"465.74847696031134"	"6.1157532862279655"
"10/05/2022 10:12:48.049"	"98.209278390338611"	"0.020224315978241064"	"44.497608953221132"	"0.0004545467669158197"	"12474.181818181818"	"1000000000"	"10566.159507801236"	"16002338816"	"43204608"	"0"	"189.11483805118979"	"1.2484571374948072"
"10/05/2022 10:12:49.053"	"96.329803598384927"	"0.040548381491925391"	"69.739204333352092"	"0.00058142548394188407"	"14453.028571428571"	"1000000000"	"10582.426120412369"	"16002289664"	"43204608"	"0"	"304.85995037151054"	"2.707545944205425"
"10/05/2022 10:12:50.060"	"93.02951176244683"	"0.077781214853172312"	"141.05255775017534"	"0.00055141058493883002"	"15230.197183098591"	"1000000000"	"21430.055499311853"	"16000516096"	"45056000"	"0.99332787148010804"	"547.32365718553956"	"4.5429295683649169"
"10/05/2022 10:12:51.074"	"99.179605635058692"	"0.010060984360791633"	"8.877800308724602"	"0.0011333209218741419"	"6371.5555555555557"	"1000000000"	"0"	"16002363392"	"43208704"	"0"	"0"	"0"
"10/05/2022 10:12:52.061"	"99.1398056653141"	"0.010434702619586504"	"9.1177127847830981"	"0.001144442045561034"	"5006.2222222222226"	"1000000000"	"0"	"16002367488"	"43208704"	"0"	"1.0130791983092331"	"0"
"10/05/2022 10:12:53.045"	"99.677027335050923"	"0.0049772488937302514"	"2.0315307888073879"	"0.0024499621614459941"	"4096"	"1000000000"	"0"	"16002367488"	"43208704"	"0"	"0"	"0.010624902740496989"
"10/05/2022 10:12:54.049"	"99.628038717448405"	"0.0054795421294596622"	"9.9626511364940207"	"0.00055001442003393443"	"4505.6000000000004"	"1000000000"	"0"	"16002367488"	"43208704"	"0"	"0"	"0.37196128255159167"
"10/05/2022 10:12:55.049"	"99.679473847561695"	"0.004999472055750913"	"1.9998210087025696"	"0.0025000072180370084"	"4096"	"1000000000"	"0"	"16002379776"	"43208704"	"0"	"0"	"0.010558884981748395"
"10/05/2022 10:12:56.057"	"97.125688514922032"	"0.031535602356284671"	"46.606819240283407"	"0.00067659114561386649"	"17255.489361702126"	"1000000000"	"6112.434761640573"	"16002453504"	"43098112"	"0"	"424.4195454221553"	"3.1557022765432374"
"10/05/2022 10:12:57.072"	"92.490812786310144"	"0.080452513840346518"	"147.89706767074259"	"0.00054400045853248433"	"16056.32"	"1000000000"	"28149.741879998004"	"16000417792"	"45154304"	"0.98598045113828381"	"788.78436091062713"	"6.027815865097697"
"10/05/2022 10:12:58.056"	"99.595836944803992"	"0.0057898650748126751"	"11.173481235130554"	"0.00051818214773259868"	"4096"	"1000000000"	"0"	"16003145728"	"42426368"	"0"	"0"	"0.010553806688995415"
"10/05/2022 10:12:59.067"	"96.935372230741194"	"0.033337300175282976"	"46.493288511800721"	"0.00071701897842736586"	"13856.680851063829"	"1000000000"	"6097.5453273774392"	"16002600960"	"42962944"	"0"	"229.49878584548441"	"1.8491023214730729"
"10/05/2022 10:13:00.057"	"73.454469589354773"	"0.31142917818747612"	"569.54380470181729"	"0.00054680867877476272"	"15665.021276595744"	"1000000000"	"95117.854702967321"	"16002199552"	"43372544"	"2.0196588819213379"	"2744.7164205310983"	"15.585172295365336"
"10/05/2022 10:13:01.060"	"100.16145935475711"	"0.00019950494842098815"	"1.9950648052322921"	"0.00010009011318202831"	"4096"	"1000000000"	"0"	"16002195456"	"43372544"	"0"	"8.9777916235453148"	"0.24752578950592019"
"10/05/2022 10:13:02.071"	"88.939022753055511"	"0.1231691694411058"	"225.55880299391163"	"0.00054605223831552757"	"15351.017543859649"	"1000000000"	"36999.558034966205"	"16000532480"	"45043712"	"0.98929299558733164"	"915.09602091828174"	"10.343727063452102"
"10/05/2022 10:13:03.060"	"99.144321616657052"	"0.010312788909748133"	"10.111475675719511"	"0.0010199888296867276"	"4915.1999999999998"	"1000000000"	"0"	"16002879488"	"42704896"	"0"	"0"	"0.47400408790864157"
"10/05/2022 10:13:04.063"	"90.823381301880829"	"0.10012889228651847"	"176.34501204786929"	"0.00056779716205706686"	"15874.892655367232"	"1000000000"	"28498.150986538152"	"16002125824"	"43503616"	"0.99629950309530668"	"847.85087713410599"	"5.0394522780219724"
"10/05/2022 10:13:05.055"	"88.992208641325078"	"0.12945238513244905"	"231.03172428569303"	"0.00056026256166117564"	"14881.53711790393"	"1000000000"	"43950.506710838126"	"15999238144"	"46428160"	"1.008872158452808"	"1321.6225275731786"	"8.5610101120171755"
"10/05/2022 10:13:06.065"	"99.585198596799913"	"0.0058399033070382616"	"10.888007445572825"	"0.00053635118634343896"	"10426.181818181818"	"1000000000"	"0"	"16002695168"	"42975232"	"0"	"0.98981885868843866"	"0"
"10/05/2022 10:13:07.056"	"99.137513715871677"	"0.010387755760666107"	"9.0770996604668053"	"0.001144442045561034"	"5461.333333333333"	"1000000000"	"0"	"16002695168"	"42975232"	"0"	"0"	"0.72381478732330695"
"10/05/2022 10:13:08.056"	"99.699441829110299"	"0.0049994705560681123"	"1.999924293677656"	"0.0025000072180370084"	"4096"	"1000000000"	"0"	"16002695168"	"42975232"	"0"	"0"	"0.79175615302339297"
"10/05/2022 10:13:09.059"	"98.998713824506694"	"0.011867479545800643"	"21.939632755853921"	"0.00054091531883556818"	"9867.636363636364"	"1000000000"	"3091.4937065066893"	"16002441216"	"43196416"	"0"	"154.57468532533446"	"1.052396118915333"
"10/05/2022 10:13:10.060"	"91.785039158519226"	"0.094822558416541206"	"170.84111708316104"	"0.0005549699612314589"	"16072.608187134503"	"1000000000"	"29009.021494892771"	"16002117632"	"43470848"	"0.99907086013544477"	"658.38769682925806"	"5.5458906710889266"
"10/05/2022 10:13:11.067"	"99.176312119297663"	"0.010032860100209399"	"7.9477525294938971"	"0.0012625148731662578"	"5120"	"1000000000"	"0"	"16002588672"	"42979328"	"0"	"0"	"0"
"10/05/2022 10:13:12.062"	"90.217081462348375"	"0.12364420761539842"	"205.88245973523036"	"0.00060048747296571284"	"15564.799999999999"	"1000000000"	"36239.330132127085"	"15999614976"	"46039040"	"1.0043046816352701"	"1050.5026969904925"	"7.4049521564212739"
"10/05/2022 10:13:13.053"	"85.083385553610299"	"0.17624343478064253"	"324.05698939531089"	"0.00054392468538385567"	"15605.632398753894"	"1000000000"	"52674.908388375487"	"15998078976"	"47562752"	"1.0095233314495666"	"1969.5800196581044"	"9.3105893838868692"
"10/05/2022 10:13:14.064"	"85.375846659478299"	"0.18185282901856659"	"330.42564325047579"	"0.00055029968377198779"	"15231.233532934131"	"1000000000"	"50193.040227413592"	"16002027520"	"43638784"	"1.9785966661705139"	"1485.9260962940559"	"7.2431843281250297"
"10/05/2022 10:13:15.050"	"92.700803062158727"	"0.083664984713139642"	"151.11140649055386"	"0.00055369072076225806"	"14487.194630872484"	"1000000000"	"21824.949447494761"	"16003194880"	"42471424"	"0"	"848.86071968183614"	"5.7184357872763547"
"10/05/2022 10:13:16.050"	"100.15949326915607"	"9.9989511100285583e-005"	"1.9998049716198421"	"5.0045056591014155e-005"	"6144"	"1000000000"	"0"	"16003194880"	"42471424"	"0"	"0"	"0.79165695518540469"
"10/05/2022 10:13:17.059"	"94.836972944909945"	"0.060833578550119831"	"92.145994651758812"	"0.00066021668398771329"	"14313.978494623656"	"1000000000"	"14840.459224667135"	"16002043904"	"43601920"	"0.99081714679310551"	"372.54724719420767"	"2.4705962780550261"
"10/05/2022 10:13:18.072"	"86.716445807994575"	"0.16944592859033422"	"271.39640395481393"	"0.00062436282596035398"	"15937.163636363637"	"1000000000"	"43703.703100854473"	"16001482752"	"44138496"	"0.9868960143811415"	"1468.5012693991384"	"9.0227341763457485"
"10/05/2022 10:13:19.058"	"97.551284183409805"	"0.032672678913103763"	"57.832348900361197"	"0.00056491481222069892"	"15880.982456140351"	"1000000000"	"7808.3817041610482"	"16000733184"	"44896256"	"0"	"188.71608588538916"	"3.2883630774781847"
"10/05/2022 10:13:20.070"	"88.897612286233112"	"0.14152460343956177"	"243.12140677892484"	"0.00058211414559125694"	"16217.49593495935"	"1000000000"	"43054.231564703587"	"15999406080"	"46202880"	"0.98829840154034487"	"1623.7742737307867"	"11.207394620997702"
"10/05/2022 10:13:21.062"	"92.849556516424883"	"0.09087489146898356"	"166.22724394887558"	"0.00054666544528731342"	"14298.763636363636"	"1000000000"	"27436.562192143501"	"16002514944"	"43016192"	"1.0074378421143975"	"724.34780848025173"	"7.909833166998026"
"10/05/2022 10:13:22.049"	"89.041491551395467"	"0.12799841091442349"	"191.54131547453974"	"0.00066825358923276561"	"15170.37037037037"	"1000000000"	"31234.409221827063"	"16000196608"	"45490176"	"1.0134461136219035"	"813.79722923838847"	"6.5728146779618797"
"10/05/2022 10:13:23.056"	"89.912646924671748"	"0.11169581248923997"	"206.51216999097667"	"0.00054086540389432962"	"15832.615384615385"	"1000000000"	"30599.543649624524"	"15999803392"	"45805568"	"0"	"1070.2890348570811"	"7.6958216234753074"
"10/05/2022 10:13:24.069"	"97.224759431423763"	"0.034955885475039625"	"51.35035973524905"	"0.0006807719366077196"	"15281.23076923077"	"1000000000"	"7386.551746531979"	"16001921024"	"43692032"	"0.98750691798555867"	"259.71431943020195"	"1.2545608049728152"
"10/05/2022 10:13:25.060"	"82.435266073136788"	"0.20689516729809537"	"378.27478274095085"	"0.00054693344103713887"	"15914.325333333334"	"1000000000"	"59779.520466117945"	"16001024000"	"44675072"	"1.0087327539758688"	"1827.8237502042743"	"11.734143644157257"
"10/05/2022 10:13:26.057"	"87.942930886004717"	"0.13963335210826802"	"255.78601994071332"	"0.00054588236904416093"	"15291.733333333334"	"1000000000"	"41455.390714156078"	"15998390272"	"47206400"	"1.0030824311400521"	"1575.8424993210222"	"8.3091875636036487"
"10/05/2022 10:13:27.061"	"93.620999637551137"	"0.082093970098267674"	"151.44265521726052"	"0.00054210412684470028"	"15063.578947368422"	"1000000000"	"22806.068275809826"	"16002514944"	"43053056"	"0.99633325800829298"	"769.1692751824022"	"1.9280924569390234"
"10/05/2022 10:13:28.049"	"97.581265854299076"	"0.02783120525817491"	"43.517995757912033"	"0.00063953673019551377"	"12192.744186046511"	"1000000000"	"6238.2540895760412"	"16002715648"	"42917888"	"0"	"100.19259488449515"	"1.958254204156562"
"10/05/2022 10:13:29.055"	"81.471866059655696"	"0.2339271517246734"	"410.56887521530632"	"0.00056973362331741027"	"15580.668280871671"	"1000000000"	"66957.520632570813"	"16001609728"	"43941888"	"1.9882269986213381"	"2264.5905514297042"	"9.1270560461817691"
"10/05/2022 10:13:30.063"	"75.996261789414859"	"0.35364400636896487"	"497.98077298836859"	"0.00071015962360054168"	"16016.828685258964"	"1000000000"	"99584.250674813447"	"15994376192"	"51167232"	"1.9839871433799545"	"2543.4715178131019"	"13.975971452149583"
"10/05/2022 10:13:31.048"	"99.586227097833884"	"0.0059924399783500256"	"13.20343996290843"	"0.00045383561921367912"	"4726.1538461538457"	"1000000000"	"0"	"16002490368"	"43053056"	"0"	"0"	"0.020201632401595226"
"10/05/2022 10:13:32.058"	"90.684722087834174"	"0.11526042028401355"	"202.8283663951176"	"0.00056829307180101824"	"16184.195121951219"	"1000000000"	"34399.690940611945"	"16002547712"	"43057152"	"0.98940666534203703"	"895.41303213454353"	"4.15576639473122"
"10/05/2022 10:13:33.060"	"90.568002306819125"	"0.11228675622126021"	"192.63076730471579"	"0.00058290157518145361"	"15513.865284974094"	"1000000000"	"34647.587856040955"	"16002633728"	"43061248"	"0.99808687722650669"	"1001.0811378581863"	"4.8681648680989902"
"10/05/2022 10:13:34.045"	"100.15449796288189"	"0.00020315313988414176"	"2.0316055967728324"	"9.9929712359621213e-005"	"4096"	"1000000000"	"0"	"16002629632"	"43065344"	"0"	"1.0158027983864162"	"0.010563963273979571"
"10/05/2022 10:13:35.049"	"82.660653220334552"	"0.21332423999753811"	"388.38649441031572"	"0.00054923133499325976"	"16194.953846153847"	"1000000000"	"71869.426996419657"	"15997865984"	"47767552"	"1.9917256123605935"	"2201.8526644646363"	"19.860247725014503"
"10/05/2022 10:13:36.059"	"82.577821826322079"	"0.21678905514222649"	"404.88875405982446"	"0.00053545167250717966"	"16103.589242053789"	"1000000000"	"62376.626878507435"	"16003080192"	"42553344"	"0.98994805393600116"	"2166.0063420119704"	"9.5165544676066638"
"10/05/2022 10:13:37.059"	"100.14942422080229"	"0.00019997888223003652"	"1.999776105519095"	"0.00010009011318202831"	"4096"	"1000000000"	"0"	"16003080192"	"42553344"	"0"	"0"	"0.010558884981748395"
"10/05/2022 10:13:38.061"	"96.358808940037136"	"0.041825692474749362"	"67.881144502632225"	"0.00061617504160561452"	"14396.235294117647"	"1000000000"	"9068.1223038516328"	"16002236416"	"43364352"	"0.99825212503870908"	"298.47738538657404"	"0.17734492899913468"
"10/05/2022 10:13:39.049"	"80.35532118586876"	"0.23420092981718052"	"351.32884552110363"	"0.00066657127239927103"	"15699.365994236312"	"1000000000"	"62593.233106068212"	"16000577536"	"44986368"	"1.0124750591386271"	"1848.7794579871331"	"10.611539838205941"
"10/05/2022 10:13:40.060"	"99.621170492864138"	"0.005539455414159857"	"9.8919693047231672"	"0.00055999135118765581"	"5734.3999999999996"	"1000000000"	"0"	"16003002368"	"42561536"	"0"	"0"	"1.8539568082726277"
"10/05/2022 10:13:41.072"	"99.468441124899442"	"0.0070152570973158442"	"6.9171940338062328"	"0.0010142831432896752"	"10532.571428571429"	"1000000000"	"1531.6643931999515"	"16002912256"	"42651648"	"0"	"21.739752677676734"	"0.4216367128362819"
"10/05/2022 10:13:42.066"	"89.346628524526935"	"0.13331116172332927"	"234.23316165609941"	"0.0005690979874070981"	"14784.274678111587"	"1000000000"	"36944.500819148729"	"16001011712"	"44625920"	"1.0052925392965641"	"1058.5730438792818"	"4.9617589995590521"
"10/05/2022 10:13:43.060"	"83.238883216178962"	"0.19151685982394942"	"367.32803593941441"	"0.00052137034878649063"	"15228.142465753424"	"1000000000"	"59748.672585542554"	"16002854912"	"42835968"	"2.0127563613118595"	"1832.6146669744483"	"13.512978764473715"
"10/05/2022 10:13:44.066"	"99.695526621667355"	"0.0047705964289104109"	"1.9877927542155907"	"0.0023999171048549798"	"4096"	"1000000000"	"0"	"16002859008"	"42835968"	"0"	"0.99389637710779533"	"0"
"10/05/2022 10:13:45.052"	"99.608071612288086"	"0.0057834980970769287"	"13.190460783397853"	"0.00043846181731219895"	"4411.0769230769229"	"1000000000"	"0"	"16002859008"	"42835968"	"0"	"0"	"0.1205098366648838"
"10/05/2022 10:13:46.054"	"81.528777832633622"	"0.23886904189367872"	"312.30239706493342"	"0.00076485671646153556"	"16109.188498402556"	"1000000000"	"59652.751153112164"	"15998332928"	"47407104"	"0.99777123662918021"	"2111.2839367073452"	"12.694063635351338"
"10/05/2022 10:13:47.065"	"94.649916439707596"	"0.073271613123509535"	"122.61442779125596"	"0.00059758102520775507"	"15459.096774193549"	"1000000000"	"22189.256126095032"	"16002109440"	"43646976"	"0.98882603057464491"	"786.11669430684265"	"3.4354794994233662"
"10/05/2022 10:13:48.058"	"93.05342154922613"	"0.089557747923851933"	"158.17152402489509"	"0.00056624146629057081"	"15757.859872611465"	"1000000000"	"30143.261139011855"	"15999606784"	"46055424"	"0"	"995.37239322672838"	"5.5563681905385964"
"10/05/2022 10:13:49.073"	"93.090517470338611"	"0.081205363535421363"	"140.9270926532117"	"0.00057622481176251221"	"15753.846153846154"	"1000000000"	"26679.568197956272"	"16000323584"	"45305856"	"0.98550414442805379"	"859.35961394126298"	"7.6091889387651435"
"10/05/2022 10:13:50.061"	"87.94142310122956"	"0.16105227835863045"	"280.19021552721404"	"0.00057472830703578443"	"15570.714801444043"	"1000000000"	"53181.519030898213"	"16001826816"	"43872256"	"1.0115170235639497"	"1415.1123159659655"	"10.691605220805"
"10/05/2022 10:13:51.054"	"92.58518512099954"	"0.091789208450571966"	"168.27137781751523"	"0.00054550878974703805"	"14887.856287425149"	"1000000000"	"28821.763419713807"	"16003350528"	"42336256"	"1.0076130408234445"	"1086.2068580076732"	"8.6893851170901861"
"10/05/2022 10:13:52.057"	"97.116298686084747"	"0.03876679342112567"	"58.797306019910245"	"0.00065932350251736037"	"14717.830508474577"	"1000000000"	"9214.2354484761036"	"16002682880"	"43098112"	"0"	"284.02088501143083"	"4.2353070614063011"
"10/05/2022 10:13:53.063"	"84.364608226568436"	"0.2038272797459815"	"361.92171901868244"	"0.00056318667658171722"	"15877.626373626374"	"1000000000"	"72563.316082372097"	"15999418368"	"46329856"	"1.9885808737290243"	"2200.3647367811654"	"15.33089370307933"
"10/05/2022 10:13:54.053"	"91.047255433534446"	"0.10731038089128186"	"194.84462865322831"	"0.00055077819389814226"	"16108.103626943006"	"1000000000"	"34007.959382448957"	"16002453504"	"43286528"	"1.0095576614156907"	"1322.520536454555"	"10.090961447509017"
"10/05/2022 10:13:55.060"	"89.59309026945752"	"0.12442933064467998"	"221.43886992950678"	"0.00056188336160586038"	"14804.376681614351"	"1000000000"	"40806.318030866147"	"15999725568"	"46071808"	"0.99299941672424563"	"1269.0532545735859"	"4.5739745280349853"
"10/05/2022 10:13:56.045"	"84.422252150600286"	"0.19265773065028177"	"347.14324063735449"	"0.00055497089924796429"	"16132.491228070176"	"1000000000"	"62660.369973757799"	"15998668800"	"47087616"	"1.015038715313902"	"2087.9346374006964"	"11.182553045839549"
"10/05/2022 10:13:57.048"	"73.926066750150241"	"0.31775239217169843"	"583.61211052664589"	"0.00054444426156008798"	"15606.810256410256"	"1000000000"	"113516.0471938204"	"15999107072"	"46694400"	"2.9928826180853636"	"2883.1435887555672"	"18.940716282729998"
"10/05/2022 10:13:58.049"	"80.014239839264718"	"0.2251180422177691"	"418.28934083632691"	"0.00053818648635872658"	"15904.992840095465"	"1000000000"	"62346.076166850326"	"16002600960"	"43180032"	"1.996607832154305"	"2358.9921536903112"	"14.987989877574714"
"10/05/2022 10:13:59.054"	"90.697819788448726"	"0.1029209236844337"	"181.07764686957103"	"0.00056813089973393593"	"15776.351648351649"	"1000000000"	"32852.6587891936"	"16000032768"	"45748224"	"0.99493212565698363"	"920.31221623270983"	"7.4619959014778026"
"10/05/2022 10:14:00.066"	"91.64088351018269"	"0.093251044554934201"	"185.79238292705352"	"0.00050212794897850504"	"14771.744680851063"	"1000000000"	"35197.773991116694"	"16001556480"	"44216320"	"0"	"934.89145877123747"	"5.0758203103738575"
"10/05/2022 10:14:01.059"	"97.406776403168095"	"0.029532476703361187"	"55.43920024472142"	"0.00053272904413562778"	"11208.145454545454"	"1000000000"	"6213.2223692447787"	"16002785280"	"43053056"	"1.0079854589949349"	"109.8704150304479"	"1.5689103050301689"
"10/05/2022 10:14:02.060"	"76.737385649259906"	"0.27716548897136045"	"412.49384271019437"	"0.00067191244260816831"	"15421.985472154964"	"1000000000"	"80019.810388027487"	"15996977152"	"48787456"	"0.9987744375549501"	"2099.4238677405051"	"11.044859958516062"
"10/05/2022 10:14:03.064"	"74.301039577375121"	"0.29479482539006802"	"373.35277315723312"	"0.00078959978176933437"	"15127.893333333333"	"1000000000"	"69644.728501052727"	"15998877696"	"46903296"	"1.9912147901719099"	"1737.3349044249915"	"13.663496236761363"
"10/05/2022 10:14:04.056"	"94.058536646338894"	"0.062900575358820571"	"121.98032203597575"	"0.00051570322593176186"	"14996.099173553719"	"1000000000"	"17042.969622646331"	"16001134592"	"44711936"	"0"	"576.63424962461261"	"3.922899216545106"
"10/05/2022 10:14:05.059"	"95.986676128072773"	"0.049852849344589577"	"87.721430467303463"	"0.0005681834586447746"	"16663.272727272728"	"1000000000"	"15127.959417861333"	"16002523136"	"43188224"	"0.99683443712844844"	"594.11332452855527"	"4.1890551658669057"
"10/05/2022 10:14:06.065"	"90.211589896461092"	"0.11041445008829177"	"149.22367275503223"	"0.00073999957012579594"	"14199.466666666667"	"1000000000"	"25389.910507026219"	"16000909312"	"44937216"	"0"	"621.76530314596766"	"2.8589086357230342"
"10/05/2022 10:14:07.056"	"81.35333692459767"	"0.21097584957129323"	"399.56962888225752"	"0.00052802978610219805"	"15215.191919191919"	"1000000000"	"64851.36158464761"	"15998943232"	"46915584"	"2.0180284286982704"	"1941.3433484077359"	"12.503290506883857"
"10/05/2022 10:14:08.067"	"87.820404553331244"	"0.13913220268723911"	"266.97989470421925"	"0.00052111137999041564"	"15883.377777777778"	"1000000000"	"42285.660063449002"	"16002322432"	"43466752"	"0.98881442483044169"	"1565.2932345065892"	"5.7495517510484877"
"10/05/2022 10:14:09.062"	"89.734699942313412"	"0.11081210707162079"	"201.94273036598844"	"0.00054875595188997423"	"16220.97512437811"	"1000000000"	"32286.724293738331"	"16000614400"	"45199360"	"1.0046902008258132"	"1145.346828941427"	"6.5996094350431083"
"10/05/2022 10:14:10.055"	"89.622583520609666"	"0.11668872466479199"	"208.57859632098408"	"0.00055942072719915054"	"14702.067632850241"	"1000000000"	"32211.790179658059"	"16000815104"	"44990464"	"1.007626069183498"	"1031.8090948439019"	"3.9560097615458867"
"10/05/2022 10:14:11.057"	"99.596027893673238"	"0.0057875659932201656"	"11.974933700758967"	"0.00048334114485338453"	"5802.666666666667"	"1000000000"	"0"	"16003383296"	"42426368"	"0"	"0.99791114172991402"	"0.21437942723852021"
"10/05/2022 10:14:12.063"	"97.298769132310824"	"0.03080647373201548"	"47.700166890622079"	"0.00064583386131937374"	"13994.666666666666"	"1000000000"	"6125.4964315373854"	"16002863104"	"42967040"	"0"	"131.17545894921074"	"1.4006511097286789"
"10/05/2022 10:14:13.060"	"81.442008163063818"	"0.21722551148581146"	"397.32625163110686"	"0.00054671729201778859"	"15235.878787878788"	"1000000000"	"67128.069543251448"	"15997652992"	"48160768"	"2.0066982405611458"	"2070.9125842591025"	"12.990647463463223"
"10/05/2022 10:14:14.066"	"72.255671344462513"	"0.3419916200123157"	"397.67152520393449"	"0.00085999943538910505"	"16168.959999999999"	"1000000000"	"61927.398262382703"	"15997890560"	"47845376"	"0.99417881300983624"	"2336.3202105731152"	"10.680786016042187"
"10/05/2022 10:14:15.063"	"79.598093818229088"	"0.23269604039603262"	"434.26971178641969"	"0.00053579727647004994"	"15324.526558891455"	"1000000000"	"64225.782455840061"	"16001622016"	"44228608"	"2.0058647195677586"	"2182.380814889721"	"9.8867031063316624"
"10/05/2022 10:14:16.059"	"99.580722786565417"	"0.0058234340810856969"	"14.056696830334683"	"0.00041426949547112863"	"4388.5714285714284"	"1000000000"	"0"	"16002879488"	"42971136"	"0"	"0"	"1.16477717984943"
"10/05/2022 10:14:17.061"	"88.439771128531802"	"0.12745467524109594"	"225.58164658536805"	"0.00056504525462215335"	"15604.672566371681"	"1000000000"	"39542.665978433368"	"15999541248"	"46288896"	"0.99814887869631885"	"1304.5805844560887"	"4.0908559205241719"
"10/05/2022 10:14:18.055"	"71.529657810925016"	"0.33391902388260047"	"627.37639445042032"	"0.00053221147106234678"	"15996.717948717949"	"1000000000"	"98252.773671911666"	"15996932096"	"48971776"	"3.0162326656270206"	"2872.4589085654661"	"19.876024644249547"
"10/05/2022 10:14:19.057"	"82.539501260953614"	"0.19876166788891947"	"382.3559102138646"	"0.00051984273217838754"	"15175.519582245432"	"1000000000"	"59422.900375091027"	"16002527232"	"43364352"	"0.99831830343045591"	"1776.0082618027811"	"12.64868940090178"
"10/05/2022 10:14:20.059"	"100.15903914374498"	"9.9779875616402649e-005"	"1.9955456669960365"	"5.0045056591014155e-005"	"4096"	"1000000000"	"305.31848705039357"	"16002527232"	"43364352"	"0"	"26.939866504446492"	"0.2201243835973421"
"10/05/2022 10:14:21.071"	"99.597527941321957"	"0.0058313527324977627"	"13.837177868086552"	"0.00042144170367304593"	"4973.7142857142853"	"1000000000"	"151.22058670123161"	"16003424256"	"42467328"	"0"	"0"	"0"
"10/05/2022 10:14:22.055"	"94.866272074436907"	"0.055152447255266857"	"94.458763637358913"	"0.00058386934200198705"	"14666.322580645161"	"1000000000"	"18480.400047115541"	"16002060288"	"43814912"	"1.0156856305092357"	"636.83489032929072"	"1.6041744409949099"
"10/05/2022 10:14:23.060"	"76.438126692311343"	"0.27075985731682456"	"504.87615164533537"	"0.00053629176584871186"	"15414.532544378699"	"1000000000"	"97847.388135145971"	"15995142144"	"50765824"	"1.9916218999815991"	"2877.8936454734107"	"17.534752908975591"
"10/05/2022 10:14:24.074"	"92.22179094244774"	"0.08705563545240684"	"163.66612854965871"	"0.00053192777790251244"	"15026.89156626506"	"1000000000"	"29055.667520231578"	"16000802816"	"45121536"	"0.98594053343167887"	"902.13558808998619"	"7.5711684749361075"
"10/05/2022 10:14:25.065"	"80.151614422732393"	"0.2157074776676203"	"254.12886119340888"	"0.00084880932661835406"	"15327.492063492064"	"1000000000"	"45604.029209874352"	"16001708032"	"44216320"	"1.0084478618786068"	"1208.1205385305709"	"10.972764082072917"
"10/05/2022 10:14:26.056"	"92.599045526854027"	"0.088478145595030686"	"159.57910667796375"	"0.00055443051862552216"	"14361.924050632912"	"1000000000"	"24602.452275750118"	"16002383872"	"43552768"	"0"	"665.58627405555762"	"6.8883670429007893"
"10/05/2022 10:14:27.063"	"97.551247394904451"	"0.0291701248312672"	"52.594036708930069"	"0.00055472051963474634"	"14297.358490566037"	"1000000000"	"10579.340101017046"	"16001536000"	"44404736"	"0.99234031526283151"	"304.64847678568924"	"1.5570298264526383"
"10/05/2022 10:14:28.049"	"92.681979453296066"	"0.084219447061786426"	"156.24132669633656"	"0.00053896134518079087"	"14708.363636363636"	"1000000000"	"24740.915537771842"	"16000724992"	"45211648"	"0"	"880.63293228844248"	"5.6653407346330509"
"10/05/2022 10:14:29.061"	"96.235113615426073"	"0.042975335615142531"	"72.120905353628814"	"0.00059588685797082428"	"15093.479452054795"	"1000000000"	"11557.12809351712"	"16002658304"	"43282432"	"0"	"315.15847681928204"	"0.43429787440038004"
"10/05/2022 10:14:30.046"	"98.458179245893433"	"0.01706486548365841"	"23.361454576972466"	"0.00073043744944671684"	"11219.478260869566"	"1000000000"	"1574.3588954046663"	"16002478080"	"43466752"	"1.0157154163901072"	"45.707193737554825"	"0.80412083996924677"
"10/05/2022 10:14:31.047"	"68.594442152303429"	"0.44684265315871513"	"679.16204774246512"	"0.00065794105692479885"	"16335.811764705883"	"1000000000"	"121637.9227506755"	"15993044992"	"52740096"	"1.997535434536662"	"3949.1275540789811"	"25.873707724355409"
"10/05/2022 10:14:32.050"	"93.970423951028465"	"0.069914314571928413"	"134.64046245178795"	"0.00051926142383865376"	"14715.259259259259"	"1000000000"	"20834.364893465558"	"16002531328"	"43401216"	"0.99733675890213291"	"692.15171067808024"	"4.9399699338526837"
"10/05/2022 10:14:33.050"	"97.231908494481317"	"0.033576486386583476"	"51.966174877052602"	"0.00064615003601738781"	"12760.615384615385"	"1000000000"	"8790.2783503568207"	"16002650112"	"43315200"	"0"	"230.84973839613752"	"1.6313875393062283"
"10/05/2022 10:14:34.059"	"92.879756978837705"	"0.090660313244758373"	"157.53346693323078"	"0.00057547174552728707"	"16615.849056603773"	"1000000000"	"28491.760431439732"	"16000106496"	"45817856"	"0.9907765215926464"	"1000.6842868085729"	"6.3362542467916398"
"10/05/2022 10:14:35.063"	"87.890988872255591"	"0.13200584930371648"	"208.22979070361342"	"0.00063397158734122795"	"15972.440191387559"	"1000000000"	"37414.609235850694"	"16000663552"	"45293568"	"0.9963147880555665"	"1097.9388964372342"	"6.5996349266157051"
"10/05/2022 10:14:36.048"	"99.118386745155533"	"0.010665536593811571"	"11.173310110660706"	"0.000954530712251686"	"4840.727272727273"	"1000000000"	"0"	"16002912256"	"43044864"	"0"	"0"	"0.010594433016519744"
"10/05/2022 10:14:37.056"	"97.218627315014231"	"0.031623067312623168"	"46.588649079057745"	"0.0006787275480569907"	"15251.063829787234"	"1000000000"	"6110.0517643257854"	"16002916352"	"43044864"	"0"	"151.66092147012415"	"2.4170630537196591"
"10/05/2022 10:14:38.060"	"92.715180340437712"	"0.086550103894983743"	"165.34196128127678"	"0.00052349417321595135"	"14829.493975903615"	"1000000000"	"27179.827948454706"	"16000622592"	"45338624"	"0.99603591133299263"	"855.5948478350407"	"5.8493727408206801"
"10/05/2022 10:14:39.045"	"99.141904123695952"	"0.010357957820974073"	"10.155135685084332"	"0.0010199888296867276"	"5324.8000000000002"	"1000000000"	"0"	"16002654208"	"43311104"	"0"	"0"	"0.038090882143604343"
"10/05/2022 10:14:40.054"	"97.448754934860432"	"0.029031505028890806"	"46.504430694554266"	"0.00062340632824381978"	"14030.978723404256"	"1000000000"	"10361.582941135581"	"16002011136"	"43945984"	"0"	"350.26741416749383"	"4.0127286800751953"
"10/05/2022 10:14:41.061"	"76.596278470511677"	"0.28239038039803227"	"510.62558091711622"	"0.00055380119266584934"	"16112.530214424951"	"1000000000"	"88070.470564418021"	"15994662912"	"51298304"	"1.9907430055248194"	"2877.6190144861266"	"19.238935560224846"
"10/05/2022 10:14:42.058"	"87.930800765850208"	"0.14367712371432537"	"257.66176248759723"	"0.00055758696158360484"	"14567.097276264591"	"1000000000"	"42807.94527118843"	"16000139264"	"45871104"	"1.002574951313608"	"1180.0307176961164"	"10.703113532399843"
"10/05/2022 10:14:43.070"	"89.772977058917476"	"0.12453369051440716"	"224.36009770856052"	"0.00055506598602242927"	"15608.105726872247"	"1000000000"	"33009.597106918518"	"16001150976"	"44851200"	"0.98837047448705073"	"1120.8121180683154"	"7.341004081542291"
"10/05/2022 10:14:44.066"	"90.227484086714753"	"0.11373802789302161"	"213.82313777155736"	"0.00053192527376613686"	"15441.727699530516"	"1000000000"	"34902.360817096276"	"16003186688"	"42811392"	"1.0038644965800816"	"1058.073179395406"	"4.3190133843457934"
"10/05/2022 10:14:45.061"	"94.814148199334696"	"0.06367814614234979"	"120.53221164860652"	"0.00052833357553857521"	"16008.533333333333"	"1000000000"	"21669.682784225311"	"16001589248"	"44429312"	"0"	"597.63888275767397"	"5.8387034566988572"
"10/05/2022 10:14:46.047"	"88.711873168700876"	"0.13390471421690697"	"236.3577116529359"	"0.00056652331326202275"	"16054.386266094421"	"1000000000"	"37297.855545301063"	"16000897024"	"45006848"	"1.0144107796263344"	"1135.1256624018681"	"4.1046968498713143"
"10/05/2022 10:14:47.059"	"89.024350458369128"	"0.1239717217932203"	"233.3055126360843"	"0.00053135627013258001"	"15637.694915254237"	"1000000000"	"37631.388322055871"	"16002170880"	"43802624"	"0.98858268066137411"	"1301.9633904310297"	"5.0007365146151228"
"10/05/2022 10:14:48.072"	"99.616768200597704"	"0.0056280660000337683"	"10.861595445169204"	"0.00051818214773259868"	"4468.363636363636"	"1000000000"	"0"	"16002891776"	"43081728"	"0"	"0"	"0"
"10/05/2022 10:14:49.057"	"89.007836585995449"	"0.12470432189259964"	"210.03962689773704"	"0.00059372015716546809"	"16364.212560386473"	"1000000000"	"32607.891062732742"	"15999975424"	"46055424"	"1.0146841879117732"	"938.58287381839011"	"6.4590750653048872"
"10/05/2022 10:14:50.058"	"91.028681025973341"	"0.10267443942802347"	"192.7794026323092"	"0.00053264209676566737"	"15428.974093264249"	"1000000000"	"27685.319703418205"	"16000282624"	"45686784"	"0.99885700845756054"	"1132.7038475908737"	"6.3645068445797648"
"10/05/2022 10:14:51.071"	"84.824386749417286"	"0.16881900192704569"	"235.07363697545878"	"0.00071806730520409905"	"15213.714285714286"	"1000000000"	"33808.132437113352"	"16002666496"	"43356160"	"0.98770435703974269"	"982.76583525454407"	"5.8480917427060071"
"10/05/2022 10:14:52.056"	"78.844616712723663"	"0.2847787147555883"	"488.37817913304394"	"0.00058316003280556306"	"15540.956340956342"	"1000000000"	"101769.48368162839"	"15995768832"	"50085888"	"2.0306784995136962"	"3089.6773370100886"	"19.096956035344238"
"10/05/2022 10:14:53.058"	"79.232503346004279"	"0.24934142533895567"	"450.95247136119463"	"0.00055287608426378139"	"15704.353982300885"	"1000000000"	"79894.411297797487"	"15998095360"	"47927296"	"1.9953649175274097"	"2437.3382467597312"	"14.254586874483778"
"10/05/2022 10:14:54.060"	"85.585577498682952"	"0.16476794549332741"	"315.18120596207262"	"0.00052278485763771192"	"15113.721518987342"	"1000000000"	"45661.378509315458"	"15999123456"	"46936064"	"1.994817759253624"	"1590.8671630047652"	"7.2743950812180325"
"10/05/2022 10:14:55.055"	"93.887630674196046"	"0.07370636530382961"	"129.71607876559324"	"0.00056821680483406991"	"14478.883720930233"	"1000000000"	"18594.649058398063"	"16003207168"	"42856448"	"0"	"675.73027077890424"	"4.1591003680592209"
"10/05/2022 10:14:56.055"	"97.909631370037914"	"0.022497617502306506"	"37.996696671843956"	"0.00059210697269297566"	"16276.21052631579"	"1000000000"	"6163.4641654012148"	"16002678784"	"43401216"	"0"	"231.97983231231046"	"1.5729234274090342"
"10/05/2022 10:14:57.063"	"92.43290182768753"	"0.087592028669079294"	"161.69289394378166"	"0.00054171785970439919"	"15378.846625766872"	"1000000000"	"25757.777203338861"	"16001761280"	"44298240"	"0.99198094444037821"	"971.14934460713027"	"3.901723926194145"
"10/05/2022 10:14:58.054"	"99.132399698605198"	"0.010498747014923565"	"10.094523902510426"	"0.0010400068523231331"	"7372.8000000000002"	"1000000000"	"0"	"16002932736"	"43126784"	"0"	"0"	"0.62784526139053609"
"10/05/2022 10:14:59.066"	"97.294945515720045"	"0.030540571073097818"	"49.425857986345534"	"0.00061799870460295826"	"13025.280000000001"	"1000000000"	"5879.700066055665"	"16002347008"	"43712512"	"0"	"141.35795384094823"	"1.1632004106866711"
"10/05/2022 10:15:00.062"	"79.847380475879945"	"0.2383174267660787"	"359.33615984028853"	"0.00066312836312023508"	"15617.430167597766"	"1000000000"	"64216.784453245746"	"15997636608"	"48418816"	"2.0074645801133437"	"1751.5128461488923"	"12.161858289671923"
"10/05/2022 10:15:01.046"	"79.88512310009952"	"0.24911397919552847"	"450.0622378618358"	"0.00055349870245836668"	"15847.729119638827"	"1000000000"	"79464.939325230414"	"15997517824"	"48435200"	"2.0318836923784911"	"2188.3387366916349"	"8.7221285956433086"
"10/05/2022 10:15:02.052"	"93.563809435051255"	"0.084353482224018811"	"142.08491435379904"	"0.00059370737972081302"	"14164.13986013986"	"1000000000"	"26606.642213748466"	"16002572288"	"43405312"	"0"	"699.49496297254905"	"2.9723822327522242"
"10/05/2022 10:15:03.053"	"99.11953297731759"	"0.010498891317076917"	"13.998630310993182"	"0.00074998841676918182"	"4096"	"1000000000"	"0"	"16002576384"	"43405312"	"0"	"0"	"0.010558884981748395"
"10/05/2022 10:15:04.056"	"89.510531310006797"	"0.12343188457773893"	"224.14790186514014"	"0.00055066671671172328"	"15583.004444444445"	"1000000000"	"33498.654880520902"	"15999328256"	"46727168"	"0.99621289717840067"	"1205.4176055858647"	"8.1608001653728284"
"10/05/2022 10:15:05.058"	"81.031347261700503"	"0.22361736832106582"	"378.33392064954484"	"0.00059102920657824612"	"15854.437994722955"	"1000000000"	"64033.265630569142"	"16000774144"	"45277184"	"1.9964850693907379"	"1798.8330475210548"	"12.649465499583668"
"10/05/2022 10:15:06.070"	"89.235561532034211"	"0.1165703117544563"	"146.22347255823416"	"0.0007972961311399668"	"14778.81081081081"	"1000000000"	"24093.281093277692"	"16002969600"	"43016192"	"0.98799643620428501"	"639.23369422417238"	"5.0705220749594488"
"10/05/2022 10:15:07.056"	"97.64332540226404"	"0.030424800187660167"	"57.80062966552191"	"0.00052631730906042276"	"15090.526315789473"	"1000000000"	"7804.0990509799403"	"16002211840"	"43737088"	"0"	"279.876733117264"	"0.96093688912706199"
"10/05/2022 10:15:08.068"	"99.589179807592046"	"0.0057326046336247903"	"12.849635091582247"	"0.00044616105678773959"	"4726.1538461538457"	"1000000000"	"0"	"16004358144"	"41590784"	"0"	"0"	"0"
"10/05/2022 10:15:09.058"	"88.091859605013084"	"0.13395619935349465"	"249.51250177425513"	"0.00053684142131924634"	"14974.445344129555"	"1000000000"	"44007.136142889271"	"16002957312"	"43065344"	"1.0101720719605471"	"1361.7119530028174"	"8.4481103588955335"
"10/05/2022 10:15:10.060"	"91.190193167750138"	"0.094492956483049992"	"175.62066682800221"	"0.00053806820423784219"	"15313.454545454546"	"1000000000"	"24602.858871086493"	"16004141056"	"41861120"	"0.99784469788637631"	"922.00850084701165"	"4.1163406859230705"
"10/05/2022 10:15:11.050"	"92.356429546096734"	"0.083143011940973108"	"157.61023600609852"	"0.00052756447415934114"	"16042.666666666666"	"1000000000"	"30010.605450802246"	"16001978368"	"44048384"	"0"	"739.5557227978469"	"8.4467137648762129"
"10/05/2022 10:15:12.058"	"94.071361717677206"	"0.064374012816082349"	"122.99518655710757"	"0.00052338788351435634"	"15558.193548387097"	"1000000000"	"18068.389663905415"	"16003194880"	"42844160"	"0.99189666578312552"	"588.19472280939351"	"5.4599676959499295"
"10/05/2022 10:15:13.062"	"77.907118464226059"	"0.2589933731153527"	"454.00944277894428"	"0.00057039447014056233"	"15045.614035087719"	"1000000000"	"73035.782202833856"	"16001683456"	"44290048"	"1.9912694858725626"	"2378.5714008747759"	"10.538501092531828"
"10/05/2022 10:15:14.050"	"86.369959697731474"	"0.15795678444133773"	"298.71487692570065"	"0.00052881378116452721"	"14620.637288135593"	"1000000000"	"54570.651346711384"	"16003850240"	"42143744"	"1.0125928031379683"	"1293.0810096071855"	"13.775593428957267"
"10/05/2022 10:15:15.050"	"100.15946322446878"	"0.00019997896221317517"	"1.9997087545246495"	"0.00010009011318202831"	"4096"	"1000000000"	"0"	"16003850240"	"42143744"	"0"	"0"	"0.79168671455762674"
"10/05/2022 10:15:16.051"	"94.913573880328144"	"0.053967916073894069"	"101.93894502763335"	"0.00052941077714003463"	"15299.764705882353"	"1000000000"	"23741.780177220175"	"16002375680"	"43663360"	"0"	"569.65881044853927"	"2.4017721464589248"
"10/05/2022 10:15:17.059"	"88.744642621089724"	"0.12802473306942322"	"237.03569747978298"	"0.00054016688335117565"	"14515.949790794979"	"1000000000"	"43271.412054572931"	"16002019328"	"44081152"	"1.9835623220065521"	"1127.6551800607249"	"8.5803247107865808"
"10/05/2022 10:15:18.061"	"90.386568102599085"	"0.10945053435029124"	"193.71581387958858"	"0.00056494823268505277"	"15771.711340206186"	"1000000000"	"29227.123052863702"	"15999512576"	"46587904"	"0"	"909.6654971355938"	"4.8174812476082689"
"10/05/2022 10:15:19.057"	"83.615144737895832"	"0.19669429151017262"	"373.34369144345152"	"0.00052688220680679478"	"15789.41935483871"	"1000000000"	"60959.397360954965"	"15999209472"	"46784512"	"2.0072241475454384"	"1862.7040089221668"	"12.974065857664385"
"10/05/2022 10:15:20.064"	"86.23136169362725"	"0.15525817109450454"	"294.99609892536432"	"0.00052626267670517442"	"15997.845117845118"	"1000000000"	"53313.840423965841"	"16001253376"	"44773376"	"0.99325285833456001"	"1585.2315619019578"	"9.2030249417334851"
"10/05/2022 10:15:21.059"	"88.393015776661855"	"0.12885835614300326"	"191.83004333855396"	"0.00067172673203541578"	"15847.874345549739"	"1000000000"	"34919.093962276675"	"16002482176"	"43511808"	"1.0043457766416439"	"1080.6760556664087"	"5.8420039874781393"
"10/05/2022 10:15:22.066"	"84.163809204321112"	"0.18770417424670907"	"341.84029825766646"	"0.00054912848525901154"	"15943.441860465116"	"1000000000"	"53077.662357083544"	"15997685760"	"48308224"	"0.99372179726065824"	"1659.5154014252994"	"10.725003149932411"
"10/05/2022 10:15:23.050"	"100.06291642516875"	"0.0012189168582905545"	"13.204984550974615"	"9.2292165508083289e-005"	"4726.1538461538457"	"1000000000"	"155.4125104845474"	"16003821568"	"42172416"	"0"	"0"	"0.80429213130254196"
"10/05/2022 10:15:24.062"	"99.149573224890531"	"0.010279688580788171"	"10.872795735748305"	"0.00094546077483921196"	"5213.090909090909"	"1000000000"	"0"	"16003825664"	"42172416"	"0"	"0.98843597597711863"	"0"
"10/05/2022 10:15:25.049"	"99.141559904871912"	"0.010433821058753252"	"10.12945541184258"	"0.0010299978410049306"	"4915.1999999999998"	"1000000000"	"0"	"16003825664"	"42172416"	"0"	"0"	"0.28356694456085352"
"10/05/2022 10:15:26.051"	"100.1486962657489"	"0.00029936836269155707"	"1.9957896987835522"	"0.00014997476895063535"	"4096"	"1000000000"	"0"	"16003825664"	"42172416"	"0"	"0"	"0.21054576948097425"
"10/05/2022 10:15:27.058"	"99.156070781262812"	"0.01013215710247326"	"7.9467799763357512"	"0.0012750261373140111"	"6656"	"1000000000"	"0"	"16003821568"	"42172416"	"0"	"0"	"0.66512644634059148"
"10/05/2022 10:15:28.059"	"99.678401004558424"	"0.0049964110779227282"	"1.9986605883408992"	"0.0025000072180370084"	"4096"	"1000000000"	"0"	"16003821568"	"42172416"	"0"	"0"	"0.071778441545433669"
"10/05/2022 10:15:29.059"	"99.68951266326782"	"0.0048994845742227917"	"1.9997889347943236"	"0.0024499621614459941"	"6144"	"1000000000"	"0"	"16003821568"	"42172416"	"0"	"0"	"0.79168671455762674"
"10/05/2022 10:15:30.059"	"99.689472791673197"	"0.004999472055750913"	"1.9997908591998053"	"0.0025000072180370084"	"6144"	"1000000000"	"0"	"16003825664"	"42172416"	"0"	"0"	"0.010558884981748395"
"10/05/2022 10:15:31.059"	"99.699541518094748"	"0.0047994965328137075"	"1.9997902177308999"	"0.0023999171048549798"	"4096"	"1000000000"	"0"	"16003821568"	"42176512"	"0"	"1.9997902177308999"	"0.010488899714422573"
"10/05/2022 10:15:32.059"	"99.699481704680153"	"0.0049994725556453791"	"1.9997857274600845"	"0.0025000072180370084"	"4096"	"1000000000"	"0"	"16003821568"	"42176512"	"0"	"0"	"0.010548887092409753"
"10/05/2022 10:15:33.059"	"99.679414046228288"	"0.004999469056386212"	"1.9997895762624061"	"0.0025000072180370084"	"6144"	"1000000000"	"0"	"16003821568"	"42176512"	"0"	"0"	"0.010618872275769409"
"10/05/2022 10:15:34.059"	"99.709480649791445"	"0.0048994831045324717"	"1.9997382601161986"	"0.0024501225622684014"	"4096"	"1000000000"	"0"	"16003821568"	"42176512"	"0"	"0"	"0.010548887092409753"
"10/05/2022 10:15:35.067"	"99.705567385412778"	"0.0048627180271575855"	"1.984830381262108"	"0.0024499621614459941"	"4096"	"1000000000"	"0"	"16003825664"	"42176512"	"0"	"13.893812668834755"	"0"
"10/05/2022 10:15:36.051"	"99.687286244718777"	"0.0049772539494510092"	"2.0315327747883787"	"0.0024499621614459941"	"4096"	"1000000000"	"0"	"16003813376"	"42176512"	"0"	"6.094598324365136"	"0.80409061202548759"
"10/05/2022 10:15:37.052"	"99.689442887998155"	"0.0049994705560681123"	"1.9997908591998053"	"0.0025000072180370084"	"6144"	"1000000000"	"0"	"16003813376"	"42176512"	"0"	"0"	"0.010588878637751709"
"10/05/2022 10:15:38.052"	"99.699451797999771"	"0.0048994816348430338"	"1.9997863689261093"	"0.0024499621614459941"	"4096"	"1000000000"	"0"	"16003813376"	"42176512"	"0"	"0.99989318446305464"	"0.010578880754419373"
"10/05/2022 10:15:39.052"	"99.689472791673197"	"0.004999472055750913"	"1.9997895762624061"	"0.0025000072180370084"	"4096"	"1000000000"	"0"	"16003813376"	"42176512"	"0"	"0"	"0.010558884981748395"
"10/05/2022 10:15:40.052"	"99.699541518094748"	"0.0047994965328137075"	"1.9997915006691223"	"0.0024000775056773871"	"4096"	"1000000000"	"0"	"16003813376"	"42176512"	"0"	"0"	"0.010488899714422573"
"10/05/2022 10:15:41.061"	"99.698634839207827"	"0.00495470802301997"	"1.9818837550485826"	"0.0025000072180370084"	"4096"	"1000000000"	"0"	"16003813376"	"42176512"	"0"	"0"	"0"
"10/05/2022 10:15:42.045"	"99.687174859979336"	"0.0049772483881587405"	"2.0315274788476985"	"0.0024499621614459941"	"6144"	"1000000000"	"0"	"16003813376"	"42176512"	"0"	"0"	"0.010635059311026041"
"10/05/2022 10:15:43.053"	"98.947200594378131"	"0.042588892399907916"	"66.514073728233825"	"0.00064029614262787495"	"6908.1791044776119"	"1000000000"	"0"	"16003903488"	"42176512"	"0"	"0"	"0.72519254100719133"
"10/05/2022 10:15:44.053"	"100.14942422080229"	"0.00019997888223003652"	"1.9996984919142911"	"0.00010009011318202831"	"4096"	"1000000000"	"0"	"16003899392"	"42176512"	"0"	"0.99984924595714553"	"0.010558884981748395"
"10/05/2022 10:15:45.057"	"99.691363189741111"	"0.0047813603448317085"	"1.9925499689022725"	"0.0023999171048549798"	"4096"	"1000000000"	"0"	"16003919872"	"42176512"	"0"	"19.925499689022725"	"0.38832614933941301"
"10/05/2022 10:15:46.060"	"99.11653490508111"	"0.0099694764539409696"	"5.9806891408954055"	"0.0016666714786913389"	"15701.333333333334"	"1000000000"	"0"	"16003657728"	"42438656"	"0"	"64.790799026366884"	"1.0841008085544446"
"10/05/2022 10:15:47.060"	"100.14949431804602"	"0.00019997902220057117"	"1.9998729706173981"	"0.00010009011318202831"	"4096"	"1000000000"	"0"	"16004788224"	"42438656"	"0"	"49.996824265434952"	"0.79165695518540469"
"10/05/2022 10:15:48.064"	"99.705615856291601"	"0.0049817935373384428"	"1.9926353080756554"	"0.0025000072180370084"	"4096"	"1000000000"	"0"	"16004853760"	"42438656"	"0"	"67.74960047457229"	"0"
"10/05/2022 10:15:49.067"	"99.693696893905809"	"0.0047814722730890073"	"1.9922920852306192"	"0.0023999171048549798"	"4096"	"1000000000"	"0"	"16004800512"	"42438656"	"0"	"174.32555745767917"	"1.1642287300937637"
