"(PDH-TSV 4.0) (Hora estándar romance)(-60)"	"\\GI-AN-B3_08\Disco físico(0 D: C:)\% de tiempo de disco"	"\\GI-AN-B3_08\Disco físico(0 D: C:)\% de tiempo inactivo"	"\\GI-AN-B3_08\Disco físico(0 D: C:)\Longitud promedio de la cola de disco"	"\\GI-AN-B3_08\Disco físico(0 D: C:)\Promedio de bytes de disco/transferencia"	"\\GI-AN-B3_08\Disco físico(0 D: C:)\Promedio de segundos de disco/transferencia"	"\\GI-AN-B3_08\Disco físico(0 D: C:)\Transferencias de disco/s"	"\\GI-AN-B3_08\Interfaz de red(Controladora Realtek PCIe GBE Family)\Ancho de banda actual"	"\\GI-AN-B3_08\Interfaz de red(isatap.{E4048626-77B4-455C-B3B1-413959881D9F})\Ancho de banda actual"	"\\GI-AN-B3_08\Interfaz de red(Controladora Realtek PCIe GBE Family)\Paquetes/s"	"\\GI-AN-B3_08\Interfaz de red(isatap.{E4048626-77B4-455C-B3B1-413959881D9F})\Paquetes/s"	"\\GI-AN-B3_08\Interfaz de red(Controladora Realtek PCIe GBE Family)\Total de bytes/s"	"\\GI-AN-B3_08\Interfaz de red(isatap.{E4048626-77B4-455C-B3B1-413959881D9F})\Total de bytes/s"	"\\GI-AN-B3_08\Memoria\% de bytes confirmados en uso"	"\\GI-AN-B3_08\Memoria\Bytes de caché"	"\\GI-AN-B3_08\Memoria\Bytes disponibles"	"\\GI-AN-B3_08\Memoria\Páginas/s"	"\\GI-AN-B3_08\Procesador(_Total)\% de tiempo de DPC"	"\\GI-AN-B3_08\Procesador(_Total)\% de tiempo de procesador"	"\\GI-AN-B3_08\Procesador(_Total)\% de tiempo inactivo"
"12/22/2021 09:58:42.942"	"293.18412097103908"	"30.278311603920972"	"2.9318412097103907"	"388954.99526066351"	"0.0070350704606059874"	"416.66811420954974"	"1000000000"	"100000"	"804.70263763218736"	"0"	"247909.62903308572"	"0"	"6.2773660805274396"	"59547648"	"15792467968"	"1.9747303990973921"	"1.54304833271776"	"33.648921693136323"	"69.54917312360385"
"12/22/2021 09:58:43.934"	"336.03629308837026"	"3.516225415640009"	"3.3603629308837029"	"402485.14878892736"	"0.0057704151524832267"	"582.46059483796182"	"1000000000"	"100000"	"131.00324797393603"	"0"	"40139.395179214"	"0"	"6.1568504983028305"	"88190976"	"15787339776"	"4.0308691684288016"	"0"	"29.159140533756979"	"68.268795987996882"
"12/22/2021 09:58:44.935"	"350.8399468162624"	"3.2185317058357974"	"3.508399468162624"	"440266.7590987868"	"0.0060831892695346109"	"576.75484285764685"	"1000000000"	"100000"	"129.94476528855128"	"0"	"39815.076084412111"	"0"	"6.0354170200045019"	"79581184"	"15819976704"	"2.9987253528127216"	"0"	"29.719561935844862"	"66.722081386471487"
"12/22/2021 09:58:45.935"	"283.97060306572712"	"6.94634552761792"	"2.839706030657271"	"432621.25626204239"	"0.0054743737821625242"	"518.73640369004556"	"1000000000"	"100000"	"429.78160614011483"	"0"	"131775.03841098843"	"0"	"5.6688218449252137"	"63557632"	"15907635200"	"3.9979684292103705"	"1.5616784009932374"	"31.286150356297547"	"68.8099390910442"
"12/22/2021 09:58:46.933"	"0.58144331674515648"	"99.517031126364969"	"0.0058144331674515647"	"10798.545454545454"	"0.0005272822638490701"	"11.027423649263387"	"1000000000"	"100000"	"0"	"0"	"0"	"0"	"5.6685923709067829"	"46157824"	"15925096448"	"0"	"0"	"1.317540530859751"	"99.936943474787469"
"12/22/2021 09:58:47.936"	"0.019936555898165269"	"100.15128855443322"	"0.0001993655589816527"	"6144"	"9.9929904705687981e-005"	"1.9935783342809252"	"1000000000"	"100000"	"0.99678916714046262"	"0"	"59.807350028427756"	"0"	"5.6685923709067829"	"46157824"	"15925096448"	"0"	"0"	"0"	"99.70516824309999"
"12/22/2021 09:58:48.921"	"0.56882786720225875"	"99.605822603309804"	"0.0056882786720225875"	"5916.4444444444443"	"0.00062221381007401084"	"9.1418083954443894"	"1000000000"	"100000"	"0"	"0"	"0"	"0"	"5.6685923709067829"	"46157824"	"15925096448"	"0"	"0"	"0.01072646835296176"	"99.89742814637485"
"12/22/2021 09:58:49.921"	"0.47994859750520719"	"99.679324344362712"	"0.0047994859750520721"	"4096"	"0.002400082125379148"	"1.9997940661541629"	"1000000000"	"100000"	"0"	"0"	"0"	"0"	"5.6684463419859643"	"46157824"	"15925121024"	"0"	"0"	"0.010708853081831116"	"99.883882436191087"
"12/22/2021 09:58:50.928"	"34.396207582353604"	"75.026417577901455"	"0.34396207582353605"	"241385.87654320989"	"0.0021388876957817099"	"160.8186182280474"	"1000000000"	"100000"	"86.365554233581008"	"0"	"28645.568194990963"	"0"	"5.6825694247566165"	"47554560"	"15923761152"	"0.99270751992621853"	"0"	"4.6100844915788812"	"94.003187481170187"
"12/22/2021 09:58:51.943"	"111.75122075472721"	"34.0446581172368"	"1.1175122075472721"	"303323.6593059937"	"0.003577603021054612"	"312.3978915028456"	"1000000000"	"100000"	"238.486718434349"	"0"	"80604.568901579652"	"0"	"5.7644707880617601"	"59830272"	"15893725184"	"1.9709646151599092"	"1.539646260728871"	"13.779809399183229"	"85.773225132742141"
"12/22/2021 09:58:52.941"	"411.48868551456985"	"3.0972913335282586"	"4.1148868551456985"	"398200.69168026099"	"0.0066969005616161707"	"614.36524076137744"	"1000000000"	"100000"	"402.89531286472055"	"0"	"138792.42414616409"	"0"	"5.7476148783443488"	"75030528"	"15884120064"	"3.0066814392889594"	"0"	"29.521586767409158"	"66.373750445924756"
"12/22/2021 09:58:53.933"	"337.09899311810824"	"5.4734989911827272"	"3.3709899311810823"	"411114.9589041096"	"0.0057263698207161403"	"588.73243281002601"	"1000000000"	"100000"	"500.01932649618641"	"0"	"160437.65276857879"	"0"	"5.8681095992945558"	"60690432"	"15874215936"	"3.0243104425172564"	"0.78750848745147428"	"32.274270079173206"	"65.263441623268434"
"12/22/2021 09:58:54.923"	"294.97152340209038"	"4.8251732721740934"	"2.9497152340209039"	"427798.5882352941"	"0.0053715071828098291"	"549.13321887044424"	"1000000000"	"100000"	"447.18017639633609"	"0"	"152447.05327252249"	"0"	"5.9460055979143727"	"90238976"	"15829204992"	"4.0377442564003259"	"0.78863318386736636"	"31.38891300353913"	"66.81730359626826"
"12/22/2021 09:58:55.925"	"294.72277320931852"	"4.4924208368062244"	"2.9472277320931854"	"446129.79127134726"	"0.0056018978028755254"	"525.03439596913256"	"1000000000"	"100000"	"500.12764094213384"	"0"	"166456.82519643768"	"0"	"6.0859221653335265"	"79958016"	"15816404992"	"2.9888106032398434"	"0"	"27.466121905732845"	"66.54264590209857"
"12/22/2021 09:58:56.937"	"294.57794326399556"	"5.5151822688669148"	"2.9457794326399558"	"453613.10701107013"	"0.0054988928859417098"	"536.7894732327162"	"1000000000"	"100000"	"436.76043855281887"	"0"	"150534.78371490762"	"0"	"6.0705891286475158"	"69120000"	"15827976192"	"3.9615459279167244"	"2.3165248105119769"	"35.137305305664647"	"66.228245917035451"
"12/22/2021 09:58:57.932"	"280.43817371811855"	"4.5120127566357988"	"2.8043817371811857"	"433265.77777777775"	"0.0053461684720612903"	"524.5706982377626"	"1000000000"	"100000"	"411.01420609050751"	"0"	"140814.06996143344"	"0"	"6.0410287028188385"	"56119296"	"15843500032"	"3.0147741278032334"	"0.78508017062844504"	"38.763746690981293"	"67.951193487668277"
"12/22/2021 09:58:58.934"	"301.13629787439538"	"3.931205107932533"	"3.011362978743954"	"447765.88847583643"	"0.0056098512721953347"	"536.76346817242279"	"1000000000"	"100000"	"414.04616968690607"	"0"	"140173.08591887122"	"0"	"6.0529196292283975"	"89104384"	"15807172608"	"3.9908064548135522"	"0.77950608897773899"	"36.0805007038254"	"66.852288061149608"
"12/22/2021 09:58:59.937"	"276.48730318898572"	"6.8693116939712668"	"2.7648730318898571"	"435071.76074766356"	"0.0051835511368325234"	"533.42787582539768"	"1000000000"	"100000"	"347.9744460991846"	"0"	"122496.97564141439"	"0"	"5.9988472059765048"	"75784192"	"15834787840"	"2.9911843504227904"	"2.3367125228947976"	"39.245474404735262"	"67.581285442632421"
"12/22/2021 09:59:00.931"	"302.50602593331189"	"4.9480689105086428"	"3.0250602593331188"	"437604.84848484851"	"0.0056967804479381434"	"530.95730949799395"	"1000000000"	"100000"	"485.70526607486943"	"0"	"155254.73297991531"	"0"	"6.0033532412474955"	"62595072"	"15846293504"	"4.022403859833287"	"0"	"30.857776911083501"	"66.90266876912662"
"12/22/2021 09:59:01.941"	"294.9990120147915"	"5.83381742132394"	"2.9499901201479153"	"442651.46020761243"	"0.0051529412852547463"	"572.5554439440109"	"1000000000"	"100000"	"417.03432854745427"	"0"	"144452.37053387426"	"0"	"6.0085059760249724"	"54403072"	"15858049024"	"3.9623214113772378"	"0"	"37.322366945134874"	"64.87206953434945"
"12/22/2021 09:59:02.939"	"291.45879023054829"	"4.7403895116927766"	"2.9145879023054828"	"435536.29520295205"	"0.0053656824100100677"	"543.12259583083392"	"1000000000"	"100000"	"458.94861418915485"	"0"	"150767.62597476743"	"0"	"5.9555392003164238"	"81612800"	"15833735168"	"4.0082848400799556"	"0.78296602664058823"	"32.664921708909411"	"67.563208283595159"
"12/22/2021 09:59:03.925"	"326.96159470892917"	"3.0207581839485629"	"3.2696159470892918"	"385906.75862068968"	"0.0069515091616977808"	"469.8094969887668"	"1000000000"	"100000"	"376.65761396513199"	"0"	"128458.47173052767"	"0"	"6.0257999725048403"	"69566464"	"15831879680"	"2.0250409352964085"	"0.79193534604356186"	"17.638724011469552"	"73.506511305086136"
"12/22/2021 09:59:04.932"	"329.73718465411469"	"4.3108093544562989"	"3.2973718465411466"	"393889.77198697068"	"0.0054066775011796407"	"610.55099314340907"	"1000000000"	"100000"	"331.12944742142548"	"0"	"110151.75197796091"	"0"	"6.0729464526550254"	"61984768"	"15836086272"	"3.9775308999570624"	"0"	"35.592386157136943"	"66.877548679119343"
"12/22/2021 09:59:05.938"	"303.66729083521619"	"3.3886558732511527"	"3.0366729083521622"	"433797.5652173913"	"0.0053144348255683028"	"571.47929513845384"	"1000000000"	"100000"	"489.98137826653516"	"0"	"157708.40791751278"	"0"	"6.0390051592017731"	"51748864"	"15848493056"	"3.9755081400935919"	"1.5527198832712394"	"31.68032513606547"	"65.476721772571111"
"12/22/2021 09:59:06.923"	"319.44508197154164"	"3.4223357268695804"	"3.1944508197154162"	"439174.8817204301"	"0.0056372759074747175"	"566.60213495077949"	"1000000000"	"100000"	"441.7059654186184"	"0"	"151386.34246512869"	"0"	"5.9876864241710415"	"82206720"	"15829622784"	"3.0462480373697822"	"0.79338272599906812"	"38.116147372072682"	"65.521470536025106"
"12/22/2021 09:59:07.928"	"292.54102452922024"	"4.9736649415012453"	"2.9254102452922024"	"429873.35495495494"	"0.0052989187070738211"	"552.11894968199601"	"1000000000"	"100000"	"356.14159276784602"	"0"	"116498.0931918195"	"0"	"5.9686818031901474"	"70905856"	"15841234944"	"3.9792356733837546"	"0.77713514710956955"	"26.172161024590888"	"66.91730953772867"
"12/22/2021 09:59:08.943"	"324.81850754801604"	"2.7501096593905405"	"3.2481850754801602"	"449415.81220657279"	"0.0077354462123385209"	"419.2164131750402"	"1000000000"	"100000"	"433.97755448402046"	"0"	"144696.57971932291"	"0"	"5.9823667991983429"	"52920320"	"15858622464"	"2.9522282617960576"	"0"	"31.462880912366131"	"73.166588631894371"
"12/22/2021 09:59:09.934"	"323.16707772224726"	"3.299476533507395"	"3.2316707772224724"	"463463.93984962406"	"0.0060203006807243104"	"537.64206073452419"	"1000000000"	"100000"	"343.60582828898163"	"0"	"116229.72444563464"	"0"	"6.064163856131473"	"83841024"	"15810928640"	"3.0318161319616026"	"0"	"26.688809820291539"	"65.839530614652119"
"12/22/2021 09:59:10.937"	"299.28102149855118"	"5.4249733662727611"	"2.9928102149855116"	"439966.1176470588"	"0.0055167279980834899"	"542.50363508919202"	"1000000000"	"100000"	"460.72919009412999"	"0"	"153985.26892301865"	"0"	"6.0253618857423827"	"80072704"	"15827345408"	"3.9889973168322945"	"0.77909199308834465"	"35.335364573667391"	"65.940581184177944"
"12/22/2021 09:59:11.926"	"303.06417179201168"	"3.9512534568414992"	"3.0306417179201168"	"457865.07086614176"	"0.00590354342391421"	"513.4055081029644"	"1000000000"	"100000"	"373.93708267341901"	"0"	"121515.40289816543"	"0"	"5.9730626708147225"	"68104192"	"15843688448"	"3.0319222919466404"	"0.78949277830113085"	"22.62970772648918"	"67.516280477958162"
"12/22/2021 09:59:12.938"	"315.80144884576947"	"4.7838221414463531"	"3.1580144884576948"	"460275.74217311235"	"0.0058841615938184247"	"536.71323474853966"	"1000000000"	"100000"	"455.66261734636612"	"0"	"154017.9183517255"	"0"	"6.0437406684911936"	"56483840"	"15843287040"	"3.9536886537645648"	"0"	"34.364527049499614"	"65.514216896716775"
"12/22/2021 09:59:13.926"	"282.99919628957059"	"5.7089758461734679"	"2.829991962895706"	"444720"	"0.0054605469859023443"	"518.23642315271786"	"1000000000"	"100000"	"367.4215265711652"	"0"	"131591.56426023153"	"0"	"6.0393389395922163"	"84480000"	"15819051008"	"3.0365415419104558"	"0"	"39.89885800238482"	"67.878983883277769"
"12/22/2021 09:59:14.935"	"331.48632715487412"	"3.3978784954312897"	"3.3148632715487412"	"397924.24421052629"	"0.0070446319524287392"	"470.55901378120672"	"1000000000"	"100000"	"386.35371657825391"	"0"	"128921.28196938669"	"0"	"6.0106546872884543"	"70234112"	"15838793728"	"2.9719516659865688"	"1.5478673904114841"	"30.34596743148321"	"73.171114189124538"
"12/22/2021 09:59:15.926"	"352.4052061479133"	"4.1776409628392779"	"3.5240520614791331"	"399673.77924217464"	"0.0057533771724863313"	"610.2859904251095"	"1000000000"	"100000"	"446.40359101935519"	"0"	"152993.77127345785"	"0"	"5.9541414949314406"	"65273856"	"15853002752"	"4.0216539731473446"	"3.1534125625296485"	"39.296808171304264"	"66.364097151746961"
"12/22/2021 09:59:16.933"	"327.25911182884124"	"3.9528125552450248"	"3.2725911182884122"	"416817.43448275863"	"0.0056812067342147171"	"578.06895259557018"	"1000000000"	"100000"	"390.69487830597154"	"0"	"128745.92244911271"	"0"	"5.9717901330761558"	"54013952"	"15857483776"	"3.9866824316935872"	"0"	"34.823285442724938"	"66.141379591171926"
"12/22/2021 09:59:17.945"	"304.90878533448938"	"4.8332327151144376"	"3.0490878533448935"	"446171.93739130435"	"0.0053650434746344089"	"568.38167302048964"	"1000000000"	"100000"	"438.88950055843031"	"0"	"146794.69907866922"	"0"	"6.0145974681505709"	"86462464"	"15822196736"	"2.9654695983677724"	"0.77218058459778216"	"30.50374738619961"	"65.055687934076673"
"12/22/2021 09:59:18.930"	"310.31142737062549"	"4.8740014770255309"	"3.1031142737062547"	"434206.4535315985"	"0.0056802977793930258"	"546.01865854964842"	"1000000000"	"100000"	"412.05125533672356"	"0"	"133131.12184741392"	"0"	"6.0053767848645609"	"75841536"	"15828856832"	"4.0596182791795421"	"0.79329451123462424"	"30.190083011353074"	"66.601300891302557"
"12/22/2021 09:59:19.931"	"267.88423693196586"	"3.5159868526064351"	"2.6788423693196584"	"419771.73333333334"	"0.0055872913649120384"	"479.66608481561093"	"1000000000"	"100000"	"459.67999794829382"	"0"	"152939.53253477081"	"0"	"5.9669503174147209"	"55107584"	"15862034432"	"3.9972173734634242"	"0"	"22.744429508159392"	"71.20252943290528"
"12/22/2021 09:59:20.933"	"339.71364255657869"	"4.3611886544425635"	"3.3971364255657868"	"437028.02962962963"	"0.0063037038581640528"	"538.88409035612301"	"1000000000"	"100000"	"368.23746174335071"	"0"	"124989.17509059944"	"0"	"5.943418799888434"	"55279616"	"15863328768"	"2.9938005019784613"	"0"	"20.473175995219261"	"67.08849440590231"
"12/22/2021 09:59:21.940"	"281.56714349566892"	"5.6206180157490504"	"2.8156714349566889"	"440528.6641509434"	"0.0053498111095094539"	"525.7937311154692"	"1000000000"	"100000"	"425.5953031104458"	"0"	"142599.22813308969"	"0"	"5.9059102285123135"	"86757376"	"15840206848"	"3.9682545744563709"	"0.77581410332225198"	"34.83161532093083"	"68.033549329910116"
"12/22/2021 09:59:22.936"	"311.12461227380169"	"3.9251975799902064"	"3.111246122738017"	"456854.9867674858"	"0.005858601284610512"	"531.56678485416319"	"1000000000"	"100000"	"408.97482312976263"	"0"	"129390.79133937841"	"0"	"5.9245393465539573"	"71897088"	"15851380736"	"3.014556435845916"	"0"	"23.924199716462201"	"66.082889732466171"
"12/22/2021 09:59:23.933"	"312.68771424829242"	"4.1952644697732699"	"3.126877142482924"	"454518.44776119402"	"0.0058125000793027978"	"538.00189722648156"	"1000000000"	"100000"	"433.61346940641801"	"0"	"140765.78744558999"	"0"	"5.9574792988358789"	"61050880"	"15856873472"	"4.0149395315409073"	"0.7841029586149203"	"31.783042600501933"	"66.072253895799875"
"12/22/2021 09:59:24.934"	"301.41394664785361"	"4.804483971951802"	"3.0141394664785359"	"459914.27005870844"	"0.0059052834710649092"	"510.11173494762238"	"1000000000"	"100000"	"408.28904030054315"	"0"	"138818.27370218467"	"0"	"6.034353095009962"	"93065216"	"15807299584"	"2.9947851366788005"	"0"	"32.109195432723695"	"67.005760686156222"
"12/22/2021 09:59:25.940"	"341.78394128151888"	"3.0402873846553717"	"3.417839412815189"	"436394.66666666669"	"0.0075438600712310474"	"453.31155809663767"	"1000000000"	"100000"	"388.69477898198534"	"0"	"125797.93378899324"	"0"	"6.0345408464795876"	"75202560"	"15832223744"	"2.9823128822147216"	"0"	"22.378283684248068"	"72.006325387452833"
"12/22/2021 09:59:26.927"	"377.3049855277572"	"3.7296721466158442"	"3.7730498552775722"	"389372.11467116355"	"0.0062779087655731539"	"601.07283341988261"	"1000000000"	"100000"	"406.45903238005553"	"0"	"135082.25019258165"	"0"	"5.9592316458857084"	"68919296"	"15845937152"	"4.0544541883297311"	"0"	"31.905612132947812"	"67.44071214846447"
"12/22/2021 09:59:27.938"	"321.67247927191369"	"4.9261322512196877"	"3.2167247927191371"	"417359.37308347528"	"0.0055398637676303628"	"580.61123406901822"	"1000000000"	"100000"	"322.45189490034062"	"0"	"106589.14447316105"	"0"	"5.9543501076754675"	"57659392"	"15858229248"	"2.9673487260767542"	"0.77279936169987562"	"39.721649787409696"	"66.676179311609616"
"12/22/2021 09:59:28.929"	"322.62933626500649"	"3.5616761227654266"	"3.2262933626500647"	"450597.16878402903"	"0.0058032669297200584"	"555.95226511919077"	"1000000000"	"100000"	"434.87373188089151"	"0"	"140247.283025476"	"0"	"6.011071912776508"	"89378816"	"15818674176"	"3.0269633309574813"	"1.5765209466914953"	"37.727422605685923"	"65.170308657072539"
"12/22/2021 09:59:29.941"	"277.85865598797562"	"5.7817213400073175"	"2.7785865598797561"	"424650.58992805757"	"0.0050564742956668053"	"549.50348093459877"	"1000000000"	"100000"	"456.60181329457663"	"0"	"157648.20009143834"	"0"	"6.0109884676788976"	"74842112"	"15831363584"	"3.9532624527668974"	"0"	"23.558972668172483"	"66.746286405324952"
"12/22/2021 09:59:30.937"	"312.76487259461925"	"4.9391852773728999"	"3.1276487259461927"	"440834.9941520468"	"0.0060730994980629626"	"514.99808057155167"	"1000000000"	"100000"	"433.68259416551717"	"0"	"144510.66997714399"	"0"	"5.9919629854236014"	"64761856"	"15849771008"	"4.0155795756066404"	"0.78429644267227183"	"30.197616602167798"	"68.239964494084376"
"12/22/2021 09:59:31.928"	"364.38818783365593"	"2.2600219867853286"	"3.6438818783365594"	"433525.15254237287"	"0.0076516953597556767"	"476.20323328924019"	"1000000000"	"100000"	"394.48191571206127"	"0"	"135382.96497588255"	"0"	"6.0390677430249804"	"52854784"	"15849074688"	"3.0267154658214421"	"2.3646993444321938"	"32.211952126277112"	"70.470451826824203"
"12/22/2021 09:59:32.934"	"294.48602935498593"	"5.4063309924781437"	"2.9448602935498593"	"450537.32841328415"	"0.0054671583211901489"	"538.6717350375983"	"1000000000"	"100000"	"448.23053967150707"	"0"	"141446.05411540772"	"0"	"5.9348239548345072"	"86511616"	"15834877952"	"3.9754371589490649"	"0"	"23.134942518477676"	"66.675097495328345"
"12/22/2021 09:59:33.946"	"286.94045819936485"	"4.7245199620852327"	"2.8694045819936487"	"444373.57438794727"	"0.0054672317752574619"	"523.17135718417239"	"1000000000"	"100000"	"358.6334727213536"	"0"	"124467.49068375988"	"0"	"5.9533904890529419"	"72609792"	"15843352576"	"2.9557703795715953"	"0"	"28.95923174165771"	"67.974485615418146"
"12/22/2021 09:59:34.937"	"289.5550127281918"	"5.5190811890139004"	"2.895550127281918"	"435390.97690941388"	"0.0050973359790953852"	"569.93109906354607"	"1000000000"	"100000"	"498.05701729887159"	"0"	"173390.65454671811"	"0"	"5.9389127646174424"	"65470464"	"15855161344"	"4.0492440430802565"	"0"	"45.610060265945052"	"64.909984492088142"
"12/22/2021 09:59:35.933"	"288.79350887676901"	"5.0994856445965677"	"2.8879350887676902"	"432997.18761384336"	"0.0052402547014528391"	"551.06304912389737"	"1000000000"	"100000"	"434.62714074799192"	"0"	"149726.54059310615"	"0"	"5.9954050957000531"	"52346880"	"15856771072"	"4.0150313233070847"	"0"	"38.044511884361334"	"66.432706012946056"
"12/22/2021 09:59:36.934"	"303.42285356555323"	"4.2061580951958479"	"3.0342285356555321"	"438794.89361702127"	"0.0064617022334560658"	"469.55728362077917"	"1000000000"	"100000"	"365.65524639405356"	"0"	"122464.53580050023"	"0"	"5.9768594227560206"	"78368768"	"15837622272"	"2.9971741507709311"	"0"	"36.776498346410392"	"71.104163457098295"
"12/22/2021 09:59:37.936"	"388.47825381491219"	"3.2351553548561029"	"3.8847825381491217"	"401985.12720156554"	"0.007613698654620916"	"510.23461166272295"	"1000000000"	"100000"	"384.42333755410635"	"0"	"136171.73268124365"	"0"	"6.0092987044522763"	"73662464"	"15833423872"	"2.995506526395634"	"1.5601636549267472"	"26.672308218442886"	"71.328745204056915"
"12/22/2021 09:59:38.925"	"331.06342104597962"	"4.5094916710902151"	"3.3106342104597961"	"412486.771331058"	"0.0055875427466961598"	"592.53037306630597"	"1000000000"	"100000"	"380.19013698452397"	"0"	"133479.09468897086"	"0"	"6.0186445553847019"	"62222336"	"15847792640"	"3.0334319440254571"	"3.9495968251560885"	"28.117337782159201"	"65.999150678698712"
"12/22/2021 09:59:39.928"	"312.67204484369086"	"4.0648162852480842"	"3.1267204484369087"	"445806.52398523985"	"0.0057904056649370596"	"539.09387365431087"	"1000000000"	"100000"	"453.55499333277811"	"0"	"144580.60050625578"	"0"	"6.0328510832529654"	"49827840"	"15854481408"	"3.9785525730945452"	"0.77834257912991811"	"22.94408466613811"	"66.295928189839671"
"12/22/2021 09:59:40.935"	"293.20462357314688"	"4.7108328782344122"	"2.9320462357314687"	"442022.83146067418"	"0.0055247189887827281"	"531.56249491055189"	"1000000000"	"100000"	"409.12394271205397"	"0"	"130774.32810183305"	"0"	"5.9873317825061942"	"80326656"	"15834472448"	"2.9863061511828759"	"0.77644265529971179"	"30.896603678325651"	"67.233245361345226"
"12/22/2021 09:59:41.947"	"300.89983473229694"	"4.7416914206008709"	"3.0089983473229696"	"443282.28571428574"	"0.0055787548666540454"	"539.42227677773417"	"1000000000"	"100000"	"347.75941653070043"	"0"	"109129.2759942647"	"0"	"5.9726871678754732"	"71819264"	"15842189312"	"3.9518115514852323"	"0.77175967132175638"	"32.085148923685438"	"67.216646893154874"
"12/22/2021 09:59:42.933"	"331.10413810208195"	"3.1838886312259977"	"3.3110413810208197"	"424563.68680089485"	"0.0073051454863557689"	"452.98303193126947"	"1000000000"	"100000"	"381.03270694889778"	"0"	"130035.51832518262"	"0"	"6.0097785137635391"	"53854208"	"15852941312"	"3.0401545767199294"	"0"	"19.990855952969298"	"72.555579643148945"
"12/22/2021 09:59:43.945"	"277.71845100417454"	"5.5518005714205554"	"2.7771845100417454"	"439584.16991150443"	"0.0049757521042250773"	"558.40965239409081"	"1000000000"	"100000"	"446.72772191527264"	"0"	"149687.39025432678"	"0"	"6.047892062097338"	"86380544"	"15815225344"	"2.965007003862429"	"0.77176942996838249"	"28.225443012940431"	"65.981391391864065"
"12/22/2021 09:59:44.930"	"291.37809100426006"	"5.1291807012392407"	"2.9137809100426004"	"435306.46502835536"	"0.0054230621829430212"	"537.31259612376834"	"1000000000"	"100000"	"434.72550310202803"	"0"	"142116.64239025599"	"0"	"6.0143888554065432"	"76070912"	"15832117248"	"4.0628551691778325"	"0"	"20.650051032808779"	"67.384636854514184"
"12/22/2021 09:59:45.931"	"308.88990046048917"	"4.8026907848944695"	"3.0888990046048916"	"440063.05535055348"	"0.0057077493639636438"	"541.19875392401821"	"1000000000"	"100000"	"476.29484432058433"	"0"	"160001.11795438529"	"0"	"5.9522222576863886"	"62959616"	"15855095808"	"3.9940867448267028"	"0"	"29.794345984845659"	"66.286947894000122"
"12/22/2021 09:59:46.933"	"316.08777503611748"	"4.9042247848933096"	"3.1608777503611747"	"442866.26118067978"	"0.0056611803061855587"	"558.33458777916621"	"1000000000"	"100000"	"404.51790348937806"	"0"	"130947.93881252203"	"0"	"5.9387667356966238"	"54398976"	"15864430592"	"3.9952385529815118"	"0"	"36.012851266348747"	"65.537073542196708"
"12/22/2021 09:59:47.945"	"278.16168504795252"	"3.2697012589535239"	"2.7816168504795251"	"454738.28571428574"	"0.0062854916145725801"	"442.5170606069824"	"1000000000"	"100000"	"332.87555675123451"	"0"	"107197.78240944949"	"0"	"6.0039164956563695"	"80875520"	"15829893120"	"1.9755225919954571"	"0"	"23.597898263689853"	"71.382853469276526"
"12/22/2021 09:59:48.931"	"358.89331672682721"	"3.3483586700928152"	"3.5889331672682721"	"393753.06293706293"	"0.0061837412231277216"	"580.43508139139317"	"1000000000"	"100000"	"387.63321869145489"	"0"	"120239.35955284783"	"0"	"5.9985134255860615"	"69439488"	"15840722944"	"4.0589865831565959"	"0.79269854879091273"	"26.279034962445113"	"68.003774513409923"
"12/22/2021 09:59:49.931"	"396.98581475208204"	"3.6086893240375097"	"3.9698581475208203"	"413905.69283276453"	"0.0067769625720274299"	"585.75270939467384"	"1000000000"	"100000"	"473.79997312811508"	"0"	"163930.7923903183"	"0"	"6.0168504857860663"	"59949056"	"15847051264"	"2.9987340071399688"	"0"	"35.960759052312198"	"66.057118054722537"
"12/22/2021 09:59:50.946"	"305.97829744503736"	"4.5325738841566734"	"3.0597829744503735"	"424872.12609457091"	"0.0054383534391843902"	"562.6401366713651"	"1000000000"	"100000"	"372.46579975792645"	"0"	"121406.11425442887"	"0"	"5.969140751227008"	"48545792"	"15866945536"	"3.9414370344754119"	"2.3093956610852615"	"31.487928721137237"	"66.744042301132581"
"12/22/2021 09:59:51.940"	"276.51585397790609"	"5.1391017051358432"	"2.765158539779061"	"437628.12121212122"	"0.0052073862679425072"	"530.9948238549182"	"1000000000"	"100000"	"459.59211079866975"	"0"	"151104.23157925979"	"0"	"5.9448790890966254"	"78745600"	"15840067584"	"4.0226880595069563"	"0"	"37.144059379453978"	"67.690216156048464"
"12/22/2021 09:59:52.929"	"286.99004417028027"	"4.9744266947957687"	"2.8699004417028027"	"429296.9411764706"	"0.0052178311049684819"	"550.09355247343603"	"1000000000"	"100000"	"343.80847029589751"	"0"	"111211.92812689062"	"0"	"5.9633621782174497"	"67301376"	"15851200512"	"3.0336041496696842"	"0"	"25.75010967498693"	"67.273246774938627"
"12/22/2021 09:59:53.937"	"286.20793723697369"	"4.1258057346517791"	"2.8620793723697369"	"425629.01333333331"	"0.0064128885516900663"	"446.27084597292026"	"1000000000"	"100000"	"439.32885503556372"	"0"	"152202.15958855103"	"0"	"5.9966984947130229"	"57782272"	"15850508288"	"2.9751389731528017"	"0"	"22.517169947194649"	"72.68619409198503"
"12/22/2021 09:59:54.938"	"328.25806957339347"	"5.0092075433666396"	"3.2825806957339347"	"444196.98311444651"	"0.0061596622446923712"	"532.86956838279536"	"1000000000"	"100000"	"344.91557428154675"	"0"	"116405.50717651482"	"0"	"6.005940039273435"	"87257088"	"15821152256"	"3.999021151090397"	"0"	"32.823127381248284"	"67.28848496167906"
"12/22/2021 09:59:55.926"	"289.26850001978937"	"5.4964760300502364"	"2.8926850001978934"	"425582.57713248639"	"0.0051863886324888609"	"557.82014099698188"	"1000000000"	"100000"	"537.57258596986821"	"0"	"188395.40050528196"	"0"	"6.0446794258393162"	"76750848"	"15826780160"	"3.0371332540670521"	"1.5816286918883049"	"36.734852324467816"	"66.09217863607833"
"12/22/2021 09:59:56.926"	"311.06543460043667"	"3.8185936119727106"	"3.1106543460043667"	"459001.84842883551"	"0.0057519406824638811"	"540.75297191792879"	"1000000000"	"100000"	"431.80274282540705"	"0"	"147662.54443888285"	"0"	"6.0062738196638792"	"66506752"	"15838920704"	"3.9981735446796951"	"0"	"35.18012316063993"	"65.276988485140919"
"12/22/2021 09:59:57.933"	"287.18665940885955"	"4.8374343916752425"	"2.8718665940885955"	"434516.04528301884"	"0.0054550947802717862"	"526.4540349967067"	"1000000000"	"100000"	"371.497752997676"	"0"	"118380.63959025944"	"0"	"5.9353246254201721"	"55009280"	"15867240448"	"3.9732379999751446"	"0"	"25.501523742167731"	"68.436793506116828"
"12/22/2021 09:59:58.940"	"282.17753432478435"	"4.1588654853172695"	"2.8217753432478436"	"439222.45303867402"	"0.0052355431383614452"	"538.93651804954845"	"1000000000"	"100000"	"457.55015620781182"	"0"	"155735.78093398645"	"0"	"5.9168206750249448"	"84725760"	"15842168832"	"3.970066431304224"	"2.3263343630578399"	"25.557300382149116"	"67.08589486527012"
"12/22/2021 09:59:59.940"	"316.45756304079623"	"3.5795199863698279"	"3.1645756304079624"	"390287.44376278121"	"0.006472392293617203"	"489.01098130803643"	"1000000000"	"100000"	"433.00972373492795"	"0"	"164463.69322273962"	"0"	"6.070130180610656"	"74932224"	"15820369920"	"3.0000673699879536"	"0"	"26.572346648314461"	"71.787223333351008"
"12/22/2021 10:00:00.937"	"376.60615877775871"	"4.3757571013218604"	"3.7660615877775871"	"413777.37748344371"	"0.0062127484970706135"	"606.13837282225029"	"1000000000"	"100000"	"418.47632693191787"	"0"	"147373.91490469992"	"0"	"6.0362514709806119"	"67063808"	"15837638656"	"3.0106210570641574"	"0"	"31.001536533055528"	"65.045759780971281"
"12/22/2021 10:00:01.933"	"284.85172271246779"	"4.6076593150910181"	"2.8485172271246779"	"406202.26362038666"	"0.0049869946396394506"	"569.78397768508808"	"1000000000"	"100000"	"375.51668125115646"	"0"	"120635.98557420485"	"0"	"5.9614220796979955"	"51208192"	"15863345152"	"4.0055112666790027"	"0"	"34.122517962342471"	"67.968606481199842"
"12/22/2021 10:00:02.934"	"290.98511455428957"	"5.792934936551382"	"2.9098511455428957"	"435421.24665391969"	"0.0055705546288667297"	"523.62993124956847"	"1000000000"	"100000"	"376.45287600351384"	"0"	"125801.34007936572"	"0"	"5.92364231175464"	"79036416"	"15842840576"	"3.0036133723684615"	"0.78029834813461496"	"25.09135857907696"	"68.336626650137489"
"12/22/2021 10:00:03.940"	"308.55881607269799"	"4.3149517053504409"	"3.0855881607269797"	"442023.54661791591"	"0.0056736747953981667"	"543.89525256787999"	"1000000000"	"100000"	"398.72394201045682"	"0"	"135128.63770379321"	"0"	"5.9146093799382546"	"74133504"	"15851560960"	"3.9772961796554296"	"1.5534820367765123"	"27.763085289892175"	"66.474644687588551"
"12/22/2021 10:00:04.937"	"297.92644677015068"	"4.090936300010819"	"2.9792644677015065"	"435251.43378995435"	"0.0067837893753557345"	"438.32594778525055"	"1000000000"	"100000"	"489.36390060956052"	"0"	"170128.5109027127"	"0"	"5.9800929202884445"	"57012224"	"15857594368"	"3.0022325190770585"	"0.78334411381947355"	"35.765782666803169"	"72.255340200959225"
"12/22/2021 10:00:05.931"	"306.07934936551482"	"5.2633491062722522"	"3.0607934936551482"	"412672"	"0.0055097829231051162"	"555.89513666175287"	"1000000000"	"100000"	"365.56147573952228"	"0"	"127306.02863398338"	"0"	"6.0697755389458088"	"48914432"	"15847010304"	"3.0211692209877872"	"0"	"22.949299053734361"	"67.980169149749727"
"12/22/2021 10:00:06.938"	"279.20401732856226"	"4.7265492655379351"	"2.7920401732856228"	"458227.46516007534"	"0.0052952920331715454"	"527.021452426309"	"1000000000"	"100000"	"407.92055922262335"	"0"	"139086.0230832641"	"0"	"6.0037913280099531"	"81371136"	"15828824064"	"3.9700297734561882"	"0.77575979279443519"	"32.50889802688414"	"66.582115055330419"
"12/22/2021 10:00:07.925"	"277.80990002958401"	"5.2397839668488908"	"2.7780990002958399"	"438939.32584269665"	"0.0051331455847104532"	"542.12248504387424"	"1000000000"	"100000"	"449.73831624426271"	"0"	"149262.36046078775"	"0"	"5.9564570963901442"	"69488640"	"15850815488"	"3.0456319384487318"	"0"	"27.154840886409293"	"66.312192409732049"
"12/22/2021 10:00:08.931"	"323.44964710020139"	"3.9962737232775289"	"3.2344964710020139"	"449194.66666666669"	"0.006025370468690323"	"536.78995582025277"	"1000000000"	"100000"	"378.73513549540058"	"0"	"126473.67792409401"	"0"	"5.9463393783048168"	"57876480"	"15861493760"	"3.9762218949648354"	"0.77663901649516653"	"31.655766548425348"	"66.910177584662094"
"12/22/2021 10:00:09.931"	"294.07981729594275"	"4.6771343198022572"	"2.9407981729594277"	"449334.24535315984"	"0.0054695169784686765"	"537.73330562975775"	"1000000000"	"100000"	"510.74668991971413"	"0"	"163554.88327143315"	"0"	"5.9987011770556853"	"89333760"	"15819091968"	"3.9980171422286817"	"0.78077162122767385"	"35.195955438103077"	"65.832234589866786"
"12/22/2021 10:00:10.931"	"322.79871708663808"	"3.5106385851586404"	"3.2279871708663808"	"408089.10874200426"	"0.0068814499829959411"	"469.09134473772195"	"1000000000"	"100000"	"328.06388288693563"	"0"	"110525.52230042053"	"0"	"6.056570352248877"	"70516736"	"15829708800"	"2.000389529798388"	"0"	"21.079394341830781"	"72.424403999087446"
"12/22/2021 10:00:11.941"	"336.57165510759512"	"4.3256812329280354"	"3.3657165510759515"	"385794.8580542265"	"0.0054229662835875783"	"619.96735811859946"	"1000000000"	"100000"	"438.0311637105894"	"0"	"141663.0357219326"	"0"	"6.013283207863199"	"64180224"	"15840542720"	"3.9551346610436964"	"0"	"42.773810920216917"	"66.485859130280716"
"12/22/2021 10:00:12.936"	"306.31769561231607"	"4.827543549722944"	"3.0631769561231605"	"417024.93090909091"	"0.0055376367401415638"	"553.5503611012814"	"1000000000"	"100000"	"386.47879756889466"	"0"	"120575.34611028312"	"0"	"5.9813445967526091"	"56217600"	"15854727168"	"4.0258208080093194"	"0"	"31.641229032243466"	"67.609083626631744"
"12/22/2021 10:00:13.936"	"319.53146183619162"	"4.3592013943045638"	"3.1953146183619161"	"460614.520754717"	"0.0060299996722369339"	"530.06291679166077"	"1000000000"	"100000"	"464.05508187043506"	"0"	"159638.94863827337"	"0"	"5.991024228075478"	"85807104"	"15825285120"	"3.0003561327829851"	"0"	"32.824806495450034"	"66.257581611048849"
"12/22/2021 10:00:14.929"	"283.26926555648066"	"5.3050072120918728"	"2.8326926555648066"	"425816.19366852887"	"0.0052402237086199765"	"540.60782713502397"	"1000000000"	"100000"	"438.92926002024296"	"0"	"155413.17303872714"	"0"	"6.0522729297219131"	"74334208"	"15824158720"	"4.0268739451398439"	"0"	"37.084829078606816"	"67.406760471676535"
"12/22/2021 10:00:15.931"	"284.14257999945295"	"4.4921360666018071"	"2.8414257999945294"	"430149.13080168777"	"0.0060050630312488001"	"473.1049937209462"	"1000000000"	"100000"	"333.3693415670802"	"0"	"106714.12132630523"	"0"	"6.0190409195983534"	"56782848"	"15850614784"	"2.9943354032971277"	"0.77988473378503587"	"22.791411355281443"	"71.515425096825496"
"12/22/2021 10:00:16.938"	"389.15136157284019"	"3.7150013841856762"	"3.8915136157284018"	"431152.02831858408"	"0.0069339824857011269"	"561.27942621822342"	"1000000000"	"100000"	"461.93793485216617"	"0"	"149810.94263966897"	"0"	"5.9859340771212111"	"50958336"	"15860248576"	"3.9736596546422898"	"0"	"23.173225051307245"	"65.887297784478477"
"12/22/2021 10:00:17.934"	"290.81920115528521"	"4.2267022365579825"	"2.9081920115528521"	"445518.16793893132"	"0.0055280529517683467"	"526.1039533690489"	"1000000000"	"100000"	"346.38523647389667"	"0"	"125795.06970518106"	"0"	"6.024360544571052"	"81428480"	"15825920000"	"3.0120455345556234"	"0"	"31.761599135142426"	"67.974257074254623"
"12/22/2021 10:00:18.945"	"280.33117808784658"	"5.3972574221927516"	"2.8033117808784658"	"444958.56716417911"	"0.005290858243968158"	"529.80452728072373"	"1000000000"	"100000"	"406.24936700070424"	"0"	"141117.78498286262"	"0"	"6.0053559235901579"	"71716864"	"15837941760"	"3.953765128960625"	"2.316817231367081"	"38.218207163544513"	"66.906666690390864"
"12/22/2021 10:00:19.940"	"277.62682324492579"	"6.4713940267023391"	"2.776268232449258"	"433000.15209125477"	"0.0052524716548787796"	"528.51866500340066"	"1000000000"	"100000"	"488.327131543066"	"0"	"170514.59028214277"	"0"	"6.0145348843273627"	"59502592"	"15848935424"	"3.0143650095250991"	"0"	"34.840146518791961"	"67.216440395647368"
"12/22/2021 10:00:20.927"	"293.56481008119999"	"4.9248359578689405"	"2.9356481008120001"	"435418.35294117645"	"0.0053253676794928761"	"551.27652436249207"	"1000000000"	"100000"	"424.60452887478704"	"0"	"139963.43463023889"	"0"	"5.9629240914549921"	"88768512"	"15828385792"	"4.053503855606559"	"0"	"21.624427753821841"	"66.745653198929219"
"12/22/2021 10:00:21.935"	"379.77899237255349"	"1.459313882234561"	"3.797789923725535"	"427454.59030837007"	"0.0084264317632849004"	"450.75797433116588"	"1000000000"	"100000"	"361.40066664437092"	"0"	"119280.09145417975"	"0"	"6.0391929106713977"	"75272192"	"15829336064"	"2.9785769228931667"	"0"	"26.320780818301827"	"72.707465045709782"
"12/22/2021 10:00:22.920"	"346.67169209946786"	"3.9151313130985286"	"3.4667169209946787"	"389968.16161616164"	"0.0057540406138580453"	"602.47728192666966"	"1000000000"	"100000"	"397.59443521086615"	"0"	"133585.64460174067"	"0"	"6.0719242502092907"	"65400832"	"15833841664"	"3.0428145551852004"	"0.79240837781301177"	"22.343978974324852"	"66.620756849654086"
"12/22/2021 10:00:23.921"	"319.59422647472758"	"4.7075581895670719"	"3.1959422647472757"	"402974.92617449665"	"0.0053651002642172646"	"595.60352775978924"	"1000000000"	"100000"	"425.71661547931245"	"0"	"135843.57372902549"	"0"	"5.9963855755969817"	"57745408"	"15849721856"	"3.9973391124818072"	"0"	"30.504797161712215"	"66.578005988293882"
"12/22/2021 10:00:24.934"	"303.50095711935421"	"4.8196702594938117"	"3.0350095711935419"	"465753.12592592591"	"0.0056907410348094808"	"533.32417676423961"	"1000000000"	"100000"	"416.78296776760942"	"0"	"135411.00848044042"	"0"	"5.992150736893227"	"91586560"	"15817670656"	"2.9629120931346642"	"0.77159167832572562"	"41.359032447244857"	"65.642733645861298"
"12/22/2021 10:00:25.940"	"315.98217768730132"	"4.1423675090573315"	"3.159821776873013"	"434465.91651542648"	"0.0057729583936612129"	"547.16550494898104"	"1000000000"	"100000"	"405.16066428164117"	"0"	"135347.49485032001"	"0"	"5.9777981801041431"	"75251712"	"15836729344"	"3.9721633753102075"	"0.77607304950864275"	"31.705571643239438"	"66.966178711668078"
"12/22/2021 10:00:26.930"	"285.75148155371323"	"3.9085930569853677"	"2.8575148155371322"	"443121.05836575874"	"0.0055044743833121057"	"519.29863073547847"	"1000000000"	"100000"	"408.16468252360568"	"0"	"135078.2625084309"	"0"	"6.0435529170215689"	"66584576"	"15835402240"	"3.0309258603238045"	"1.5780818221032655"	"34.509604382714485"	"67.389547654586622"
"12/22/2021 10:00:27.942"	"378.07955000102788"	"2.1546373330254904"	"3.7807955000102789"	"386722.55723542115"	"0.0082619871931233178"	"457.61914689340421"	"1000000000"	"100000"	"396.33969309774312"	"0"	"129443.95073875069"	"0"	"6.0728630075574133"	"54571008"	"15838912512"	"2.9651348610803727"	"1.5443214829597838"	"25.100408076450485"	"74.441464631529342"
"12/22/2021 10:00:28.933"	"362.38314440124799"	"3.854281132678381"	"3.6238314440124801"	"412434.02816901408"	"0.0063232396365563394"	"573.09040274193501"	"1000000000"	"100000"	"321.85887055400929"	"0"	"104522.40700994369"	"0"	"6.0731550653990523"	"86130688"	"15809114112"	"3.026885929975009"	"1.5765220601596783"	"29.05650729281448"	"67.619003704650268"
"12/22/2021 10:00:29.940"	"301.46951239317821"	"5.4135381961872202"	"3.0146951239317823"	"415438.53559322032"	"0.0051440675383371617"	"586.05596650014672"	"1000000000"	"100000"	"379.44640542890852"	"0"	"128832.98111028649"	"0"	"6.0067744902495441"	"74436608"	"15834947584"	"3.9732607898315031"	"2.3280697518006965"	"25.501767942377707"	"66.360700772089743"
"12/22/2021 10:00:30.931"	"317.97720505517032"	"4.6133395571355535"	"3.1797720505517031"	"435763.7752808989"	"0.00589868911965305"	"539.08442135705695"	"1000000000"	"100000"	"493.6559588831476"	"0"	"165141.54678515505"	"0"	"6.0113222480693409"	"61186048"	"15848542208"	"4.0380855532363817"	"0.78865897790200246"	"29.02069198881977"	"66.591921143995151"
"12/22/2021 10:00:31.943"	"279.86642536672997"	"6.2350638847017121"	"2.7986642536672997"	"438970.00749063672"	"0.0053039325389127884"	"527.69411637900293"	"1000000000"	"100000"	"382.430005690401"	"0"	"127188.11672454813"	"0"	"5.9355749607130051"	"51437568"	"15871672320"	"2.9645736875224884"	"0.77197205387055678"	"29.750543097779335"	"68.117568997009442"
"12/22/2021 10:00:32.929"	"269.06997999210228"	"6.8534780133632678"	"2.6906997999210227"	"429390.73114119924"	"0.0051334622886035257"	"524.07450182205093"	"1000000000"	"100000"	"461.22610895364255"	"0"	"158795.58773583738"	"0"	"5.9576253277566975"	"77041664"	"15841091584"	"4.054735023768286"	"0"	"29.507264331854334"	"67.679007827259909"
"12/22/2021 10:00:33.941"	"310.02290429369765"	"4.8629493372600665"	"3.1002290429369763"	"434407.28597449907"	"0.0057132972125763151"	"542.73050278542962"	"1000000000"	"100000"	"382.58051835694221"	"0"	"129887.56885240806"	"0"	"5.9763378908959517"	"72331264"	"15846076416"	"2.9657404523793969"	"1.5443817763148076"	"24.32529296057443"	"67.129279432481951"
"12/22/2021 10:00:34.932"	"311.65915821151958"	"3.8442806034249211"	"3.1165915821151957"	"446871.88059701491"	"0.0057626865504058523"	"540.80134390243109"	"1000000000"	"100000"	"428.80703574353214"	"0"	"141026.05791533284"	"0"	"5.9609839929355379"	"59793408"	"15856054272"	"4.0358309246450084"	"0"	"34.572816173665423"	"66.020968784945993"
"12/22/2021 10:00:35.944"	"281.30847827363192"	"4.7143359497074249"	"2.8130847827363192"	"442508.70229007635"	"0.0054318698215765166"	"517.86211162440623"	"1000000000"	"100000"	"442.75233970941605"	"0"	"140718.15768273419"	"0"	"5.9714354914113086"	"49143808"	"15870017536"	"3.9531458902626433"	"0"	"33.596552071075983"	"67.76518930381414"
"12/22/2021 10:00:36.934"	"280.3753884638661"	"6.0872167942576247"	"2.8037538846386609"	"441058.81121495325"	"0.0051914020976180598"	"539.86350568433625"	"1000000000"	"100000"	"479.31806579450409"	"0"	"156649.21662696259"	"0"	"5.9963855755969817"	"79773696"	"15830667264"	"3.0272719944916049"	"0"	"32.174978712407274"	"66.571549277433235"
"12/22/2021 10:00:37.938"	"293.18919177293725"	"6.174081207092625"	"2.9318919177293723"	"453552.64944649447"	"0.0054321032754579817"	"539.92944065444203"	"1000000000"	"100000"	"320.76988909728846"	"0"	"108507.88633550635"	"0"	"6.0482049812133791"	"72433664"	"15827832832"	"2.9885393394157309"	"0"	"29.203453900525588"	"65.786986231798906"
"12/22/2021 10:00:38.936"	"324.93943226027397"	"1.9850057875951577"	"3.2493943226027397"	"404657.18651685392"	"0.0072835954897580903"	"445.46930843337668"	"1000000000"	"100000"	"382.40286701471882"	"0"	"131208.22978957905"	"0"	"6.0387131013601341"	"57651200"	"15844929536"	"3.0031638770789439"	"0"	"24.027161696365894"	"74.188067468542172"
"12/22/2021 10:00:39.922"	"300.18917739018354"	"7.8490109891224265"	"3.0018917739018356"	"388056.19787985866"	"0.0052300353147178734"	"574.82264433961564"	"1000000000"	"100000"	"420.45331229081421"	"0"	"141294.65585935223"	"0"	"6.0059191779990329"	"84246528"	"15822454784"	"4.0623508433895097"	"3.9612660434443772"	"36.619743304889965"	"68.095261032854808"
"12/22/2021 10:00:40.933"	"300.22887207582579"	"5.6396802360671208"	"3.002288720758258"	"413601.92226148408"	"0.0053611306490961644"	"559.98976398770913"	"1000000000"	"100000"	"412.57196392734051"	"0"	"149153.17470000547"	"0"	"6.043302581728736"	"74838016"	"15828963328"	"2.9681436253765501"	"0"	"33.523505989340407"	"66.695719265028956"
"12/22/2021 10:00:41.941"	"285.0567381604078"	"4.9580258489652449"	"2.850567381604078"	"431719.85765124555"	"0.0051151247152758624"	"557.29341172975057"	"1000000000"	"100000"	"385.74223694461386"	"0"	"127772.90158043029"	"0"	"5.9905444187642152"	"66871296"	"15843733504"	"3.9665011511014279"	"0.77469153890081954"	"24.080229187719681"	"65.893452619468846"
"12/22/2021 10:00:42.936"	"310.36109079519423"	"4.1614681820575994"	"3.1036109079519423"	"455433.22960151802"	"0.0058588232822661887"	"529.75705442375624"	"1000000000"	"100000"	"453.3594526472753"	"0"	"155871.21225606764"	"0"	"5.9564570963901442"	"54923264"	"15860289536"	"4.0209264092884727"	"0"	"24.611083658376831"	"66.294118096435895"
"12/22/2021 10:00:43.927"	"280.46217099406869"	"5.174504359646007"	"2.8046217099406867"	"446623.5844155844"	"0.0060183983430438168"	"464.46328241180163"	"1000000000"	"100000"	"433.29799722832576"	"0"	"144723.54173782104"	"0"	"5.9804058394044857"	"83124224"	"15831511040"	"3.0159953403363744"	"0.78802758888371205"	"29.077517000465903"	"70.786503480484612"
"12/22/2021 10:00:44.933"	"320.47934119435382"	"5.3819439263121351"	"3.2047934119435384"	"438553.46112115734"	"0.0058254975906314316"	"551.43565732616594"	"1000000000"	"100000"	"419.80906281069775"	"0"	"140475.4914831217"	"0"	"5.9944663383519305"	"74530816"	"15837896704"	"3.9886846822869146"	"0"	"30.052138203544921"	"65.698394270667009"
"12/22/2021 10:00:45.948"	"321.62949227734748"	"2.3335738456981896"	"3.216294922773475"	"452373.10394265235"	"0.0058539427658753527"	"548.74650366748165"	"1000000000"	"100000"	"355.99683571259567"	"0"	"117858.55462102689"	"0"	"5.9706427629840046"	"62410752"	"15853871104"	"2.9502500197176436"	"0"	"33.845150735085603"	"65.766757226398809"
"12/22/2021 10:00:46.936"	"317.60227899178994"	"5.093545030381021"	"3.1760227899178997"	"444988.84095063986"	"0.0057338208210104633"	"555.12767674649831"	"1000000000"	"100000"	"424.21091202931683"	"0"	"141467.23515128865"	"0"	"5.9604415998010669"	"52416512"	"15863984128"	"4.059434564873845"	"0"	"30.381467030080465"	"64.994900379170375"
"12/22/2021 10:00:47.921"	"292.48111529062146"	"5.3305764607226376"	"2.9248111529062149"	"435065.05426356586"	"0.0055825580705250949"	"523.97838761242474"	"1000000000"	"100000"	"435.63319435219029"	"0"	"151186.04314203147"	"0"	"5.9884582913239424"	"79581184"	"15831388160"	"3.0463859744908413"	"0"	"27.021869882963891"	"67.935993686972921"
"12/22/2021 10:00:48.930"	"278.55053887273044"	"5.3778824038361828"	"2.7855053887273047"	"437831.24304267159"	"0.0052179964010211953"	"533.73589906252653"	"1000000000"	"100000"	"445.60511053457685"	"0"	"148618.21646549206"	"0"	"6.0163289539259974"	"70291456"	"15838015488"	"3.9609343158629051"	"0.77375149686869582"	"38.87363174737304"	"67.250983989063585"
"12/22/2021 10:00:49.930"	"293.23782413813245"	"3.8412814514922178"	"2.9323782413813246"	"417010.58280922432"	"0.0061454925891667785"	"477.18844533648439"	"1000000000"	"100000"	"386.1524945490209"	"0"	"130111.38197162088"	"0"	"6.0255287759376044"	"59334656"	"15847354368"	"3.0011851907954994"	"0"	"24.19346093856911"	"71.470882686464208"
"12/22/2021 10:00:50.936"	"360.51265312743135"	"3.886205540715308"	"3.6051265312743137"	"405524.47999999998"	"0.0060453331023557046"	"596.32717167285637"	"1000000000"	"100000"	"399.53920502081382"	"0"	"125016.01602673653"	"0"	"5.9593568135321249"	"50053120"	"15867637760"	"3.975514477819043"	"0.77649567229765593"	"30.115389493210966"	"66.326506068642914"
"12/22/2021 10:00:51.934"	"331.29997373401875"	"4.2073654138935623"	"3.3129997373401876"	"418895.03945111495"	"0.0056727271450666816"	"583.15321595730404"	"1000000000"	"100000"	"450.11826274577504"	"0"	"152576.08739153232"	"0"	"5.9454632047799025"	"82509824"	"15836110848"	"3.000788418305167"	"0"	"35.042535462580794"	"65.748278937107301"
"12/22/2021 10:00:52.936"	"306.30382663063591"	"3.4854918648220394"	"3.0630382663063593"	"448820.52495378925"	"0.0056691315972003118"	"541.1588485593353"	"1000000000"	"100000"	"444.13036739435285"	"0"	"159854.92286611878"	"0"	"5.9690364448549946"	"71806976"	"15841075200"	"4.0011744810302057"	"0"	"31.338806387817996"	"66.151829224081567"
"12/22/2021 10:00:53.926"	"305.17263217733449"	"5.9796179872565451"	"3.0517263217733448"	"443288.62476190476"	"0.0057548571181095399"	"530.24343401288252"	"1000000000"	"100000"	"413.08488478336938"	"0"	"131466.03206042069"	"0"	"6.0114891382645634"	"56143872"	"15848484864"	"3.029962480073614"	"0"	"24.244704553337691"	"66.793575304500933"
"12/22/2021 10:00:54.933"	"304.27748199658464"	"4.2503512498217431"	"3.0427748199658464"	"432910.92872570193"	"0.0066177106940137412"	"459.73148396784427"	"1000000000"	"100000"	"386.25388177859918"	"0"	"141940.85449935927"	"0"	"6.0642890237778895"	"81739776"	"15818338304"	"2.9788217103748007"	"0"	"28.622898111930418"	"71.826397779648289"
"12/22/2021 10:00:55.945"	"322.58586998237894"	"3.3776556817797996"	"3.2258586998237893"	"449469.14089347079"	"0.0056121991112487507"	"574.94247886750827"	"1000000000"	"100000"	"361.56176506101036"	"0"	"117317.90189922259"	"0"	"6.0359802744133759"	"81776640"	"15822680064"	"3.9514947001203318"	"0"	"38.273836224784361"	"64.285044115936145"
"12/22/2021 10:00:56.930"	"309.96295428510865"	"4.9337436800367733"	"3.0996295428510865"	"445428.8290909091"	"0.0055514545684939801"	"558.25113183758845"	"1000000000"	"100000"	"461.82593633836865"	"0"	"152408.64900400897"	"0"	"5.9555183390420208"	"66072576"	"15850803200"	"4.0600082315460977"	"0.79310437243389487"	"30.999919598251136"	"65.615146471276887"
"12/22/2021 10:00:57.936"	"285.01156457672778"	"4.7046054805371567"	"2.8501156457672776"	"429100.20143884892"	"0.0051537771991130672"	"553.01527851387789"	"1000000000"	"100000"	"414.76145888540844"	"0"	"137291.01605004963"	"0"	"5.9178220161962756"	"54099968"	"15871864832"	"3.9785271835530787"	"0"	"35.504384433703748"	"66.238010467100679"
"12/22/2021 10:00:58.933"	"304.75255103883063"	"4.8344763560004074"	"3.0475255103883065"	"458227.46516007534"	"0.0057220333521558475"	"532.67002734107996"	"1000000000"	"100000"	"488.53164466121643"	"0"	"164026.25519886002"	"0"	"5.9655526120297377"	"86495232"	"15833735168"	"3.009435182717966"	"0"	"42.797462722375876"	"65.936239475485394"
"12/22/2021 10:00:59.947"	"323.29857039610658"	"3.1851590129004856"	"3.2329857039610657"	"444691.9716312057"	"0.0058129432496133848"	"556.11811353639962"	"1000000000"	"100000"	"384.54975936027637"	"0"	"127234.69704700344"	"0"	"5.9701420923983397"	"77148160"	"15841423360"	"3.9441000960028343"	"0.77040417301192088"	"37.597261986034411"	"65.861731951414797"
"12/22/2021 10:01:00.941"	"335.28766976175615"	"3.811001284780037"	"3.3528766976175612"	"392738.79611650488"	"0.0064745633160962325"	"517.88917492930977"	"1000000000"	"100000"	"417.32817008866715"	"0"	"133669.71007437588"	"0"	"5.9641549066447537"	"59174912"	"15855505408"	"3.0168301452192807"	"0"	"25.369986383966125"	"70.569266054446231"
"12/22/2021 10:01:01.932"	"338.98007358869944"	"4.5327909059898159"	"3.3898007358869942"	"353930.9147286822"	"0.0052058915758233619"	"651.15879867940623"	"1000000000"	"100000"	"405.83850708390901"	"0"	"137306.67579967238"	"0"	"5.9697665894590894"	"50954240"	"15861989376"	"3.0286455752530523"	"0.78869552233954199"	"29.806098511780764"	"67.784384929045672"
"12/22/2021 10:01:02.944"	"320.83430551360061"	"5.5120398558018762"	"3.2083430551360062"	"425670.60498220642"	"0.0057791814024740831"	"555.14137447289772"	"1000000000"	"100000"	"302.26558823613294"	"0"	"96768.451261321985"	"0"	"6.0344156788331711"	"80179200"	"15824416768"	"2.9633881199620875"	"0"	"30.543852623464261"	"67.13936195076424"
"12/22/2021 10:01:03.935"	"312.17221362533724"	"3.007283883763836"	"3.1217221362533722"	"450005.25417439704"	"0.0057391465206987407"	"543.88965644717121"	"1000000000"	"100000"	"494.4451422247011"	"0"	"168882.27914958139"	"0"	"6.0161829250051788"	"69849088"	"15838638080"	"4.0362868753036825"	"0"	"25.101727936880135"	"65.608096011877365"
"12/22/2021 10:01:04.942"	"331.61531074395862"	"3.8440954098520885"	"3.316153107439586"	"404528.48796147673"	"0.0053587479305003578"	"618.87678209329454"	"1000000000"	"100000"	"449.00851606126668"	"0"	"150362.22350685301"	"0"	"6.0024562064481781"	"56893440"	"15857111040"	"3.9735266908076694"	"0"	"27.054068046249935"	"64.960643217486009"
"12/22/2021 10:01:05.928"	"503.73187274739621"	"0.6689397102882928"	"5.0373187274739619"	"441703.78378378379"	"0.01343243290930066"	"374.54327553044078"	"1000000000"	"100000"	"313.80652814712607"	"0"	"101898.04108498711"	"0"	"6.0459519635778838"	"78966784"	"15823818752"	"3.036837369165736"	"0"	"25.567787917732577"	"76.474474882327428"
"12/22/2021 10:01:06.929"	"357.89853238815817"	"3.2579839595258453"	"3.5789853238815819"	"465425.06666666665"	"0.0074608333854637009"	"480.27270845136201"	"1000000000"	"100000"	"369.20964462198458"	"0"	"136809.68327494091"	"0"	"6.0835857026004208"	"78589952"	"15818420224"	"2.0011362852140087"	"0"	"25.827148160718149"	"69.339962431247542"
"12/22/2021 10:01:07.929"	"336.05438287168255"	"4.7182363232623645"	"3.3605438287168257"	"431550.95462794916"	"0.006101270107100534"	"550.79785840429281"	"1000000000"	"100000"	"444.83674589820379"	"0"	"148221.60299955521"	"0"	"6.0111136353253141"	"66609152"	"15843536896"	"3.9985325473995847"	"0"	"31.275689147396701"	"66.592087877551378"
"12/22/2021 10:01:08.930"	"312.2326890409613"	"4.5762287299036863"	"3.1223268904096133"	"448889.85977859778"	"0.0057654985062659458"	"541.31284959159177"	"1000000000"	"100000"	"371.52837647245781"	"0"	"119086.82944576055"	"0"	"5.9967610785362311"	"52879360"	"15856156672"	"3.99492877927374"	"0.78060670201686788"	"26.622970010414416"	"66.435230726358412"
"12/22/2021 10:01:09.942"	"289.23931354738971"	"6.7575123976641924"	"2.8923931354738972"	"435626.98154981551"	"0.0054016602061609104"	"535.73789304421803"	"1000000000"	"100000"	"430.96258554848532"	"0"	"147371.41222423365"	"0"	"5.9263125548781899"	"83677184"	"15838695424"	"3.9537851885182143"	"3.0873137781726028"	"45.200180437436302"	"67.391515251626444"
"12/22/2021 10:01:10.934"	"292.10234194333805"	"4.9732854875696102"	"2.9210234194333804"	"419471"	"0.0056554688214286285"	"516.43792158809322"	"1000000000"	"100000"	"344.96439293579664"	"0"	"112297.00524657342"	"0"	"5.9919212628747962"	"69693440"	"15841239040"	"2.0173356312034891"	"0"	"23.553389278928083"	"69.821740500621203"
"12/22/2021 10:01:11.936"	"440.1534754992573"	"1.6164138242894315"	"4.4015347549925732"	"394950.95395948435"	"0.0081239409555933142"	"541.81423249051625"	"1000000000"	"100000"	"429.06099442158745"	"0"	"158770.5286287771"	"0"	"6.0624323703560457"	"65359872"	"15832031232"	"3.9912650643868597"	"0"	"18.150341652010848"	"69.450626839294344"
"12/22/2021 10:01:12.920"	"353.40941430090942"	"4.4806103871521694"	"3.5340941430090944"	"394156.51247920131"	"0.0057876870257506027"	"610.64992951261843"	"1000000000"	"100000"	"429.79188050555342"	"0"	"140467.77280409398"	"0"	"5.9655943345785429"	"52465664"	"15862476800"	"3.0481693652876127"	"0.79375892629538147"	"37.293044822664854"	"66.345952500043438"
"12/22/2021 10:01:13.942"	"331.07147649656787"	"4.4828007756224117"	"3.3107147649656787"	"424321.06489184691"	"0.0056281201939961207"	"588.19335458885325"	"1000000000"	"100000"	"427.6880132368201"	"0"	"143587.68689708656"	"0"	"5.9380783136413333"	"84054016"	"15843549184"	"3.9147644232203209"	"0"	"38.826408629606824"	"65.31192120606525"
"12/22/2021 10:01:14.936"	"273.67221970590793"	"7.5908348963247789"	"2.7367221970590792"	"434237.59398496238"	"0.0051165410096667497"	"534.9527916156851"	"1000000000"	"100000"	"447.46991028003737"	"0"	"145497.10381586457"	"0"	"5.9332176367054954"	"70643712"	"15850389504"	"4.0222014407194369"	"0"	"22.237928938725872"	"67.051714699224476"
"12/22/2021 10:01:15.920"	"296.06916484614868"	"5.9142699138650601"	"2.9606916484614869"	"435577.8814531549"	"0.0055707460061245441"	"531.44550971949843"	"1000000000"	"100000"	"441.00831972899107"	"0"	"142518.84994301823"	"0"	"5.9238092019498616"	"60858368"	"15863808000"	"3.0484446064215973"	"0"	"31.724225113778559"	"67.369357131054727"
"12/22/2021 10:01:16.922"	"285.10309363828509"	"5.0147776105963251"	"2.851030936382851"	"431519.37527114968"	"0.0061908893778915893"	"460.51425056393697"	"1000000000"	"100000"	"389.58906229920916"	"0"	"135367.21495427136"	"0"	"6.0099871265075659"	"86188032"	"15819931648"	"2.9968389407631473"	"1.5608745052901909"	"26.638898251361031"	"71.947553817454505"
"12/22/2021 10:01:17.923"	"332.1249347937927"	"4.5317440686557227"	"3.3212493479379268"	"437336.87547169812"	"0.0062779241345625059"	"528.98739798767406"	"1000000000"	"100000"	"362.30646315004844"	"0"	"118519.12747442328"	"0"	"6.0750534413697013"	"78090240"	"15819403264"	"2.9942682904962679"	"0"	"29.815362372829178"	"67.379547939563693"
"12/22/2021 10:01:18.939"	"288.91317834037397"	"5.7802329817927589"	"2.88913178340374"	"437391.62112932606"	"0.0053442624177932148"	"540.6732245626805"	"1000000000"	"100000"	"474.6894248437377"	"0"	"153238.01893534418"	"0"	"6.0374614248959704"	"66297856"	"15836925952"	"3.9393313265040475"	"0"	"19.992516223055944"	"66.69456342993314"
"12/22/2021 10:01:19.927"	"312.07625005033651"	"4.6036407007166096"	"3.120762500503365"	"432461.74814814812"	"0.0057118521999817142"	"546.19758161992206"	"1000000000"	"100000"	"371.21206010094699"	"0"	"126685.47167172591"	"0"	"6.0609720811478542"	"54730752"	"15841857536"	"4.0459080119994226"	"0"	"37.55363747310917"	"67.363485864597124"
"12/22/2021 10:01:20.932"	"287.73553279667794"	"5.1329830569779027"	"2.8773553279667796"	"440518.43510054844"	"0.0052879338272552364"	"544.29301449745401"	"1000000000"	"100000"	"380.10956405489475"	"0"	"124041.09433496092"	"0"	"5.9810942614597762"	"85368832"	"15828963328"	"3.9802048592135577"	"0"	"26.947007122710332"	"66.644871383957678"
"12/22/2021 10:01:21.936"	"295.63307964399229"	"4.5455941031682396"	"2.9563307964399228"	"447244.91962616821"	"0.00554336475311665"	"533.25850196571241"	"1000000000"	"100000"	"356.83466112845804"	"0"	"125398.47778561186"	"0"	"5.9148388539566845"	"76083200"	"15855132672"	"2.9902345904619385"	"0"	"30.68841228379021"	"66.730338212138093"
"12/22/2021 10:01:22.929"	"284.31319960586023"	"4.3173821327002244"	"2.8431319960586023"	"416763.40807174885"	"0.0063343046856601413"	"448.87162873562067"	"1000000000"	"100000"	"470.00683995411407"	"0"	"166024.12919167144"	"0"	"5.9758163590358837"	"61108224"	"15856492544"	"3.0193158883561932"	"0"	"27.666237578594721"	"72.772313846106158"
"12/22/2021 10:01:23.941"	"347.46345450382785"	"4.7252420055429658"	"3.4746345450382785"	"395528.37177280552"	"0.0060497420693215211"	"574.35268144543647"	"1000000000"	"100000"	"418.16038597490473"	"0"	"139307.71061840089"	"0"	"5.9663662017314438"	"53907456"	"15866032128"	"3.9542353283678935"	"0"	"38.215977960996781"	"68.342816109793276"
"12/22/2021 10:01:24.933"	"321.75278043054345"	"4.7885878776948285"	"3.2175278043054343"	"406487.32297063904"	"0.0055122621636644878"	"583.75666969080964"	"1000000000"	"100000"	"417.40114205871367"	"0"	"132707.3495763774"	"0"	"5.966699982121888"	"84865024"	"15829516288"	"3.0246459569472002"	"0"	"23.603121030197638"	"66.289420033455599"
"12/22/2021 10:01:25.939"	"296.62364838941244"	"5.126190721714007"	"2.9662364838941246"	"436497.55956678698"	"0.0053895307015553451"	"549.84404660548796"	"1000000000"	"100000"	"371.19435637265798"	"0"	"122178.52315023246"	"0"	"5.9713729075881012"	"74354688"	"15839297536"	"3.9699931162851119"	"0.77613110491067216"	"25.491413928575469"	"66.835115678056951"
"12/22/2021 10:01:26.937"	"279.18820383243974"	"5.7316650847805457"	"2.7918820383243976"	"446073.36296296294"	"0.0051596297205236041"	"541.29507188251569"	"1000000000"	"100000"	"439.05044719359609"	"0"	"148475.23342081154"	"0"	"5.9946540898215552"	"63045632"	"15846510592"	"3.0071948437917539"	"0"	"38.15538383718544"	"66.051618253469456"
"12/22/2021 10:01:27.927"	"288.49570314257136"	"5.4383562820849125"	"2.8849570314257136"	"434100.42804428044"	"0.0052656826627454295"	"548.12858251479724"	"1000000000"	"100000"	"377.2176407343531"	"0"	"133361.0999561371"	"0"	"6.004041663302786"	"49287168"	"15863201792"	"4.0452293912531161"	"0.78972413482878023"	"36.032345078868801"	"66.772997651297246"
"12/22/2021 10:01:28.933"	"322.55624908136019"	"4.1441277957583011"	"3.2255624908136018"	"426481.04269662919"	"0.007293708330512046"	"442.23439025797671"	"1000000000"	"100000"	"463.10387833756664"	"0"	"157481.15704858548"	"0"	"5.9949252863887903"	"73109504"	"15841509376"	"2.9813554399414159"	"0.77640283943313493"	"37.887772845349197"	"72.790919013506766"
"12/22/2021 10:01:29.944"	"283.7495656364498"	"5.2919897376943679"	"2.837495656364498"	"426239.0954063604"	"0.0050681973748501492"	"559.87283656676186"	"1000000000"	"100000"	"402.59407152415559"	"0"	"131093.33442494666"	"0"	"6.0185611102870906"	"67977216"	"15836311552"	"2.9675238687284198"	"0"	"25.813227976247177"	"66.764751470851664"
"12/22/2021 10:01:30.941"	"300.12968826694129"	"4.1404803839478488"	"3.0012968826694126"	"443164.44444444444"	"0.0055438890466166678"	"541.1918709328944"	"1000000000"	"100000"	"374.82548097944908"	"0"	"137196.14811016229"	"0"	"5.9992227089157542"	"60448768"	"15853924352"	"4.0088286735769953"	"0"	"35.77493351170483"	"66.3997510498574"
"12/22/2021 10:01:31.933"	"302.62611613791262"	"4.5156041843120454"	"3.0262611613791259"	"438551.61623616237"	"0.0055394832504137423"	"546.46896376839493"	"1000000000"	"100000"	"483.95775389082939"	"0"	"158044.47049561518"	"0"	"6.0000154373430581"	"90746880"	"15823142912"	"4.0329812824235782"	"0.78745887700754136"	"37.790748716404231"	"66.017669518855314"
"12/22/2021 10:01:32.937"	"284.94374964251239"	"5.3909623555376545"	"2.8494374964251241"	"440251.47955390334"	"0.0053150560557529997"	"536.13936111953853"	"1000000000"	"100000"	"512.2223635974774"	"0"	"175688.28454768105"	"0"	"5.995113037858415"	"76865536"	"15832965120"	"3.9861662536768665"	"0.77850080226687479"	"29.156426993714401"	"66.624043851542652"
"12/22/2021 10:01:33.924"	"283.11736825941415"	"3.7072361197433215"	"2.8311736825941414"	"433207.67848699761"	"0.0066078015750488592"	"428.46775986008993"	"1000000000"	"100000"	"288.68395167878401"	"0"	"95409.539566764986"	"0"	"6.0234217872229285"	"57765888"	"15845814272"	"2.0258522924826949"	"0"	"26.406045266365929"	"73.705333882193358"
"12/22/2021 10:01:34.925"	"398.69003842263623"	"4.6547466529275061"	"3.9869003842263622"	"387983.73421926913"	"0.0066302324467646633"	"599.65883384914775"	"1000000000"	"100000"	"405.41718501096869"	"0"	"135712.15754364716"	"0"	"6.009194398080262"	"58175488"	"15853920256"	"3.9844440787318791"	"0"	"29.766765228762814"	"67.372833020652891"
"12/22/2021 10:01:35.938"	"302.59885114778041"	"5.1071952873923498"	"3.025988511477804"	"393229.83783783781"	"0.0051743242744699183"	"585.92940233644845"	"1000000000"	"100000"	"448.35476226082966"	"0"	"146082.49335684197"	"0"	"5.9623191144973129"	"85073920"	"15830433792"	"3.9589824482192464"	"0.77175944260643581"	"34.400447378452945"	"67.346361587648218"
"12/22/2021 10:01:36.929"	"296.97623100330941"	"5.3683776722310776"	"2.9697623100330941"	"430981.73134328361"	"0.0054906713694682285"	"540.25069042529424"	"1000000000"	"100000"	"372.93424525626654"	"0"	"125114.39963151451"	"0"	"5.9716441041553363"	"74432512"	"15845560320"	"3.0237911777535125"	"1.5767086678310263"	"27.471401279772799"	"67.716806775942089"
"12/22/2021 10:01:37.938"	"321.00307692734305"	"3.8524726783925107"	"3.2100307692734305"	"454090.50746268657"	"0.0060472016478510951"	"531.3838659858078"	"1000000000"	"100000"	"452.07284121180663"	"0"	"149011.53612101273"	"0"	"5.943397938614031"	"63160320"	"15857111040"	"3.9655512387000584"	"1.5474263650355522"	"38.87665858109569"	"65.884066717696243"
"12/22/2021 10:01:38.926"	"308.48525383763052"	"4.5682761280831183"	"3.084852538376305"	"453254.32699619769"	"0.0057899240046885682"	"533.26077765223874"	"1000000000"	"100000"	"337.59665201177853"	"0"	"112339.59462289844"	"0"	"6.0013088363560279"	"53592064"	"15858470912"	"3.0414112793853922"	"0"	"39.066438840354756"	"66.427191757087641"
"12/22/2021 10:01:39.936"	"315.00758184721406"	"4.8915143316418987"	"3.1500758184721405"	"433297.6455142232"	"0.0069612693989680816"	"451.96431154891184"	"1000000000"	"100000"	"398.55933819302288"	"0"	"135793.02354821638"	"0"	"6.0062946809382813"	"79892480"	"15830728704"	"2.9669429642160514"	"0.77358209951320522"	"27.28328264575871"	"72.431405423164506"
"12/22/2021 10:01:40.931"	"288.79131472276163"	"4.4100245986952959"	"2.8879131472276165"	"438588.20825852785"	"0.0051612205735881668"	"560.26107592639141"	"1000000000"	"100000"	"497.89808363296902"	"0"	"172496.0366836063"	"0"	"6.0253201631935775"	"71917568"	"15837868032"	"4.0234188576401539"	"0"	"31.721216527888185"	"65.180866761704863"
"12/22/2021 10:01:41.933"	"279.85816739764641"	"5.4799776688414559"	"2.7985816739764644"	"431054.87822878227"	"0.0051728784747109595"	"541.02440881694224"	"1000000000"	"100000"	"450.18820733660687"	"0"	"150965.77406025221"	"0"	"5.9638002649799073"	"59277312"	"15857115136"	"3.9928000650696842"	"0"	"36.834273796653306"	"67.266675976306928"
"12/22/2021 10:01:42.937"	"296.3435098918938"	"6.0551436353767789"	"2.963435098918938"	"452402.07678244973"	"0.0054398533453924088"	"544.64473043267162"	"1000000000"	"100000"	"408.23462427311767"	"0"	"137138.95431801231"	"0"	"5.978340573238615"	"51146752"	"15863279616"	"2.9870826166325686"	"0"	"28.418840659094414"	"65.64195975520488"
"12/22/2021 10:01:43.933"	"297.60861554444591"	"4.8510043637947957"	"2.9760861554444591"	"451317.11645101663"	"0.0054772645672593765"	"543.43931718072315"	"1000000000"	"100000"	"393.76749045257577"	"0"	"142489.58806300478"	"0"	"6.0447420096625253"	"83329024"	"15816273920"	"3.0135267126472636"	"0.78464744497198424"	"38.012851847213248"	"66.168734001352462"
"12/22/2021 10:01:44.934"	"314.56550976062994"	"3.3859690039008559"	"3.1456550976062996"	"441625.65458422177"	"0.0067151382924686715"	"468.43301479866125"	"1000000000"	"100000"	"423.48741636382164"	"0"	"144557.03005936"	"0"	"6.0162663701027901"	"69193728"	"15841722368"	"3.9951643053190722"	"0"	"24.308860301810697"	"70.400797850159378"
"12/22/2021 10:01:45.946"	"378.44495753805688"	"3.4082570311848603"	"3.7844495753805689"	"391756.10810810811"	"0.0064709463263567368"	"582.97535887585934"	"1000000000"	"100000"	"400.79555922715332"	"0"	"134153.26543861203"	"0"	"5.9925053785580733"	"61939712"	"15849746432"	"2.9542670213303683"	"0.77179733496033975"	"30.538239853569426"	"68.016807350296503"
"12/22/2021 10:01:46.936"	"295.26636494611614"	"5.4239399984970538"	"2.9526636494611616"	"385137.18825561315"	"0.005048877424372716"	"586.78245338999864"	"1000000000"	"100000"	"386.12109627217524"	"0"	"131461.5652657061"	"0"	"5.9644886870351979"	"89104384"	"15826546688"	"4.0537647902590574"	"0"	"37.661304137385478"	"68.541036903800929"
"12/22/2021 10:01:47.921"	"300.53295905346278"	"4.8517259761408766"	"3.0053295905346276"	"419974.54014598537"	"0.0054031021508515499"	"556.18671820615498"	"1000000000"	"100000"	"489.20072659738446"	"0"	"172091.07219999857"	"0"	"6.0115517220877717"	"75939840"	"15832035328"	"3.0448178003986581"	"0"	"35.769187358229118"	"66.328443172484739"
"12/22/2021 10:01:48.929"	"293.26577890712372"	"5.7335820663075872"	"2.9326577890712371"	"437323.10554561717"	"0.0052887300274300567"	"554.17098075658294"	"1000000000"	"100000"	"345.98510247593464"	"0"	"116893.3965706086"	"0"	"6.0255913597608135"	"68481024"	"15839424512"	"3.9654453005837778"	"0"	"29.477188576720582"	"66.364625266765316"
"12/22/2021 10:01:49.934"	"308.09801772494126"	"5.4040061898263163"	"3.0809801772494128"	"439028.29981718463"	"0.0056595976167840394"	"544.71502376319415"	"1000000000"	"100000"	"460.07009319670152"	"0"	"155123.28722429217"	"0"	"6.0348746268700308"	"56893440"	"15844700160"	"2.9874681376409189"	"0.77751009867436638"	"30.024091119307016"	"66.199543575447734"
"12/22/2021 10:01:50.943"	"313.90090501879467"	"3.0445967976990387"	"3.1390090501879468"	"434037.93258426967"	"0.0071128090161583953"	"441.33390379306405"	"1000000000"	"100000"	"393.72934787830656"	"0"	"128308.16285241318"	"0"	"6.0210436019410167"	"82415616"	"15821971456"	"2.9752847446723418"	"0"	"17.872745176074389"	"72.685166773987874"
"12/22/2021 10:01:51.929"	"319.15738474525676"	"5.2741551488077523"	"3.1915738474525677"	"439670.63414634147"	"0.0059037523214414836"	"540.57804864637467"	"1000000000"	"100000"	"408.72974409847842"	"0"	"135418.35094796238"	"0"	"6.0119689475758262"	"76038144"	"15833866240"	"4.0568709091660384"	"0.79239109807808772"	"34.231538859518714"	"66.853476565863701"
"12/22/2021 10:01:52.933"	"321.24639700177988"	"3.6530156689487892"	"3.212463970017799"	"452186.46265938069"	"0.0058786886011386093"	"546.49472373242634"	"1000000000"	"100000"	"374.2841823741208"	"0"	"127624.93356964369"	"0"	"6.0122401441430613"	"65589248"	"15842418688"	"3.9817466210012848"	"0.77763446631232747"	"35.45633929607682"	"65.782610331524609"
"12/22/2021 10:01:53.946"	"292.42539185209756"	"5.2897306885600983"	"2.9242539185209755"	"443025.47601476015"	"0.0054669742446152875"	"534.8955941375051"	"1000000000"	"100000"	"357.25499091840749"	"0"	"123268.76214269229"	"0"	"5.9978458648051731"	"55222272"	"15853948928"	"2.9606767203182942"	"0"	"34.464332362463793"	"66.740107734839611"
"12/22/2021 10:01:54.941"	"300.53076240163199"	"4.3434240860963174"	"3.0053076240163201"	"442767.60975609755"	"0.0056080671308286183"	"535.8866018318962"	"1000000000"	"100000"	"516.78370232944587"	"0"	"173506.60910193995"	"0"	"6.0218154690939176"	"86265856"	"15820963840"	"4.0216630531474387"	"0.78548612668119178"	"37.16110986550467"	"66.3616182069903"
"12/22/2021 10:01:55.938"	"285.34793450906636"	"4.3252781801156219"	"2.8534793450906637"	"445163.80183486239"	"0.005217247807077407"	"546.95731367694452"	"1000000000"	"100000"	"455.63049616391345"	"0"	"154543.03987727099"	"0"	"6.0028317093874275"	"74121216"	"15838502912"	"3.0107742037263003"	"0"	"35.710409880822027"	"66.084751166545587"
"12/22/2021 10:01:56.935"	"416.39652765739123"	"2.4149675883291932"	"4.1639652765739124"	"401087.59408033825"	"0.0087852011515471892"	"473.92788264661618"	"1000000000"	"100000"	"309.60616435053788"	"0"	"101961.62620271661"	"0"	"5.9933606908085846"	"65544192"	"15843356672"	"3.0058850907819208"	"1.565720687454093"	"31.108289752019903"	"73.201084631086147"
"12/22/2021 10:01:57.925"	"362.80999897200633"	"4.1139963107460114"	"3.6280999897200634"	"396488.61328790459"	"0.0061146507007552421"	"593.40080997262578"	"1000000000"	"100000"	"411.43804030469965"	"0"	"130127.64201518957"	"0"	"5.993214661887766"	"52424704"	"15857528832"	"4.0436171037316919"	"0"	"28.927428599673487"	"67.411357278139604"
"12/22/2021 10:01:58.928"	"301.43698522336638"	"5.3838715360394858"	"3.0143698522336635"	"413920.33922261483"	"0.0053416960399584957"	"564.29382302237877"	"1000000000"	"100000"	"371.87561128506593"	"0"	"122659.13259088916"	"0"	"5.9981587839212143"	"82214912"	"15826817024"	"2.9909566591292163"	"0"	"31.455339240238022"	"67.219620183815337"
"12/22/2021 10:01:59.941"	"301.90980464334433"	"5.7072170030040894"	"3.0190980464334434"	"430525.67875647667"	"0.0052808290953290605"	"571.6710508978357"	"1000000000"	"100000"	"507.49381720464169"	"0"	"166536.95940766795"	"0"	"5.9651145252672801"	"70672384"	"15843926016"	"14.810130852275535"	"0"	"22.0873543869738"	"65.36497356511876"
"12/22/2021 10:02:00.929"	"285.04373057531456"	"5.0976524096926603"	"2.8504373057531458"	"442463.81286549708"	"0.005493567397167499"	"518.89224859075318"	"1000000000"	"100000"	"441.0078370089052"	"0"	"147304.70944789195"	"0"	"6.0596995434092875"	"57823232"	"15843995648"	"18.20674556458783"	"0"	"31.253757495774202"	"67.538119111908031"
"12/22/2021 10:02:01.940"	"300.21737079819655"	"4.0087051258867028"	"3.0021737079819655"	"420415.05418719212"	"0.0074706890044811255"	"401.17740534073914"	"1000000000"	"100000"	"284.57904615303664"	"0"	"95727.252893103767"	"0"	"6.0892391079635626"	"78491648"	"15817420800"	"158.09947008502036"	"0"	"35.044129904613605"	"75.970970244223182"
"12/22/2021 10:02:02.938"	"398.81088983221053"	"4.3474223541853005"	"3.9881088983221051"	"369968.43243243243"	"0.0067251691137304274"	"593.98478612346139"	"1000000000"	"100000"	"330.1030314773966"	"0"	"104513.22848270985"	"0"	"6.0788919158598045"	"74379264"	"15823388672"	"74.248098265432674"	"0.78258610926434713"	"28.784664056944422"	"69.346675579216395"