User,Petition,Reflex,Tstart,Tend
0,0,0.145662,60281.1,60309.6
0,1,0.351202,60468.7,60499.1
0,2,0.0496113,60859.3,60891.2
0,3,0.0849043,60953.4,60977.3
0,4,0.679122,61063.1,61114.9
0,5,2.1445,61797.7,61833.9
0,6,0.849217,63992.2,64034.9
0,7,1.59145,64884.3,64936.9
0,8,0.163045,66540.7,66591.3
0,9,1.7188,66759.6,66797.1
0,10,0.273792,68525.9,68560
0,11,0.187015,68838.5,68871.9
0,12,0.00353057,69072.9,69135.6
0,13,0.000335745,69151,69185.4
0,14,0.541026,69185.4,69214.7
0,15,1.02892,69760.4,69786.5
0,16,1.4558,70823.5,70841.9
0,17,1.33439,72308.3,72336.2
0,18,0.1916,73683.4,73706.7
0,19,4.1145,73902.2,73920.1
0,20,1.07637,78043.5,78066.6
0,21,2.61713,79155.1,79182.6
0,22,0.428758,81811.7,81844.1
0,23,3.16643,82280.4,82311.3
0,24,5.20764,85484.2,85504.4
0,25,0.0931672,90719.7,90746.6
0,26,1.41654,90844.9,90876.6
0,27,1.42853,92298.1,92318
0,28,0.584302,93751.4,93781.3
0,29,0.406285,94376.5,94393.6
0,30,0.194922,94814,94846.3
0,31,0.351479,95048.5,95075.3
0,32,0.796105,95439.1,95464.1
0,33,1.74129,96267.3,96287.3
0,34,0.325676,98033.9,98052.5
0,35,0.834137,98377.7,98405.6
0,36,0.859069,99252.8,99287.2
0,37,0.0574001,100159,100184
0,38,0.324638,100253,100279
0,39,2.44534,100612,100632
0,40,0.563655,103081,103108
0,41,1.04929,103675,103698
0,42,0.338662,104753,104773
0,43,0.545592,105113,105134
0,44,0.613699,105691,105716
0,45,1.11973,106334,106362
0,46,2.07549,107491,107525
0,47,1.64031,109601,109640
0,48,0.940836,111288,111367
0,49,0.241504,112321,112358
0,50,0.725459,112605,112649
0,51,0.0110666,113380,113422
0,52,0.314181,113443,113467
0,53,1.16884,113787,113815
0,54,1.95577,114989,115007
0,55,0.461563,116964,116983
0,56,0.780434,117449,117471
0,57,3.0317,118267,118292
0,58,0.392721,121339,121363
0,59,0.751938,121763,121798
0,60,2.10535,122560,122584
0,61,0.0569051,124703,124732
0,62,2.15042,124796,124829
0,63,0.109659,126984,127017
0,64,0.403569,127140,127168
0,65,1.31325,127578,127595
0,66,0.93721,128915,128948
0,67,2.9193,129889,129907
0,68,0.0373531,132841,132872
0,69,0.419085,132919,132946
0,70,2.06337,133373,133409
0,71,0.144054,135486,135505
0,72,0.216044,135658,135678
0,73,0.595321,135898,135919
0,74,1.81901,136515,136540
0,75,1.89923,138375,138404
0,76,0.222067,140307,140347
0,77,0.818272,140573,140601
0,78,2.04685,141419,141445
0,79,0.753868,143497,143526
0,80,0.343147,144282,144299
0,81,0.992651,144644,144674
0,82,1.40191,145672,145695
0,83,0.620759,147109,147142
0,84,0.420609,147774,147804
0,85,0.307901,148227,148244
0,86,0.358432,148556,148576
0,87,0.818201,148938,148967
0,88,2.30495,149786,149815
0,89,1.10021,152129,152156
0,90,0.198776,153258,153293
0,91,3.68463,153493,153524
0,92,0.725654,157222,157260
0,93,0.452105,158000,158018
0,94,0.938076,158485,158516
0,95,2.48255,159465,159500
0,96,0.0571879,161987,162019
0,97,0.0900658,162081,162098
0,98,0.658527,162191,162213
0,99,1.16749,162879,162901
0,100,0.826496,164075,164094
0,101,1.07897,164933,164957
0,102,0.182686,166050,166073
0,103,1.26418,166271,166318
0,104,0.86355,167592,167643
0,105,1.4326,168513,168549
0,106,0.0188936,169983,170033
0,107,1.33247,170061,170112
0,108,0.332422,171456,171487
0,109,0.623596,171833,171866
0,110,1.79266,172499,172538
0,111,0.299979,174344,174375
0,112,0.19252,174689,174719
0,113,1.01438,174916,174949
0,114,0.760483,175978,176009
0,115,0.127985,176783,176814
0,116,3.95426,176955,176993
0,117,0.00592432,180956,180982
0,118,0.613347,180988,181006
0,119,3.28418,181630,181662
0,120,0.695615,184955,184979
0,121,1.80351,185682,185702
0,122,0.187811,187516,187548
0,123,0.513913,187735,187759
0,124,0.461053,188280,188301
0,125,1.78226,188766,188786
0,126,0.188966,190578,190599
0,127,2.30222,190797,190824
0,128,2.42873,193135,193153
0,129,0.326579,195583,195606
0,130,1.27397,195935,195959
0,131,0.066813,197238,197269
0,132,1.37663,197347,197366
0,133,1.19868,198754,198781
0,134,2.16066,199993,200010
0,135,0.341543,202174,202197
0,136,0.198856,202551,202572
0,137,0.379844,202776,202802
0,138,0.561472,203182,203209
0,139,0.320542,203783,203804
0,140,1.513,204129,204149
0,141,2.12812,205671,205688
0,142,7.06957,207828,207851
0,143,3.07645,214925,214949
0,144,0.236914,218041,218060
0,145,0.175378,218306,218329
0,146,1.71369,218509,218536
0,147,2.37334,220260,220280
0,148,0.651221,222667,222686
0,149,4.67593,223339,223355
0,150,2.39091,228031,228055
0,151,0.867384,230447,230468
0,152,0.313199,231344,231372
0,153,0.414329,231688,231709
0,154,0.670813,232130,232152
0,155,2.86577,232836,232867
0,156,0.91131,235736,235766
0,157,1.75976,236689,236709
0,158,0.398301,238470,238494
0,159,1.36032,238894,238912
0,160,0.911387,240284,240309
0,161,1.60509,241222,241247
0,162,0.603251,242863,242885
0,163,0.693027,243488,243524
0,164,0.510544,244223,244246
0,165,2.01452,244770,244800
0,166,0.753402,246817,246852
0,167,0.041424,247614,247643
0,168,0.399024,247692,247747
0,169,0.0859927,248161,248187
0,170,1.82711,248286,248330
0,171,1.19988,250161,250205
0,172,1.89641,251412,251436
0,173,0.00531692,253334,253376
0,174,0.860316,253381,253400
0,175,0.00218424,254262,254280
0,176,2.56062,254293,254321
0,177,0.516702,256887,256911
0,178,2.59631,257435,257463
0,179,0.908776,260060,260094
0,180,0.0780356,261013,261034
0,181,3.33033,261114,261140
0,182,0.122492,264474,264493
0,183,1.3616,264630,264647
0,184,1.62962,266021,266045
0,185,0.288836,267678,267708
0,186,0.978833,268006,268026
0,187,1.75959,269006,269030
0,188,0.511612,270804,270834
0,189,0.554336,271352,271368
0,190,0.874423,271930,271950
0,191,0.839093,272837,272856
0,192,0.565899,273696,273719
0,193,0.500022,274290,274307
0,194,0.172586,274821,274845
0,195,0.206566,275024,275054
0,196,0.5174,275274,275295
0,197,0.359968,275822,275853
0,198,0.626559,276212,276239
0,199,1.07852,276869,276885
0,200,1.86048,277978,278001
0,201,0.334331,279869,279934
0,202,0.647405,280276,280299
0,203,0.109696,280948,280974
0,204,1.55677,281088,281110
0,205,1.83296,282670,282701
0,206,0.553281,284545,284565
0,207,0.39469,285129,285146
0,208,0.590487,285551,285573
0,209,1.15073,286176,286206
0,210,0.774716,287363,287394
0,211,2.77301,288176,288194
0,212,0.330108,290973,290996
0,213,0.540038,291332,291353
0,214,0.525165,291895,291926
0,215,0.406383,292458,292516
0,216,0.239248,292926,292947
0,217,2.09335,293192,293222
0,218,0.606742,295317,295334
0,219,0.156059,295943,295974
0,220,0.101861,296130,296168
0,221,0.535276,296271,296297
0,222,0.349678,296833,296863
0,223,3.45574,297224,297254
0,224,0.444184,300725,300742
0,225,0.0261234,301194,301217
0,226,1.27066,301256,301286
0,227,0.619874,302569,302593
0,228,1.30321,303225,303249
0,229,1.92404,304553,304572
0,230,2.44255,306497,306520
0,231,0.154396,308966,308989
0,232,0.17719,309153,309178
0,233,0.324819,309356,309378
0,234,2.0516,309716,309743
0,235,1.22986,311795,311825
0,236,2.7873,313060,313092
0,237,2.82605,315881,315911
0,238,0.489232,318738,318758
0,239,0.218294,319254,319281
0,240,0.667483,319504,319534
0,241,0.88263,320207,320230
0,242,0.983502,321114,321144
0,243,1.32898,322128,322159
0,244,0.840966,323487,323504
0,245,0.759813,324354,324382
0,246,2.06754,325149,325176
0,247,1.24298,327254,327284
0,248,0.334195,328533,328565
0,249,1.27461,328908,328929
0,250,0.209364,330205,330230
0,251,0.045965,330439,330465
0,252,0.148963,330518,330539
0,253,0.353699,330689,330713
0,254,1.32416,331080,331099
0,255,0.0633938,332424,332446
0,256,2.26792,332518,332544
0,257,2.9943,334824,334855
0,258,0.266326,337856,337883
0,259,0.709667,338153,338177
0,260,0.544379,338887,338915
0,261,0.0493655,339465,339488
0,262,2.89011,339543,339577
0,263,0.146084,342481,342507
0,264,0.46735,342653,342686
0,265,1.2461,343153,343184
0,266,2.48127,344435,344453
0,267,0.751406,346939,346968
0,268,1.63066,347727,347759
0,269,1.36055,349399,349431
0,270,0.0917431,350799,350816
0,271,0.655295,350909,350936
0,272,0.452409,351603,351622
0,273,2.38355,352080,352103
0,274,0.779002,354498,354519
0,275,1.06686,355313,355335
0,276,0.769501,356409,356431
0,277,0.254627,357206,357237
0,278,0.742271,357503,357521
0,279,1.05751,358271,358297
0,280,0.411104,359365,359382
0,281,0.69391,359803,359837
1,0,0.145662,60249.9,60270.9
1,1,0.351202,60421.8,60439.9
1,2,0.0496113,60796.8,60846.1
1,3,0.0849043,60906.5,60933.5
1,4,0.679122,61031.9,61110.3
1,5,2.1445,61797.5,61840.9
1,6,0.849217,63992.1,64030.8
1,7,1.59145,64884.4,64916.3
1,8,0.163045,66509.6,66541.5
1,9,1.7188,66712.7,66735.6
1,10,0.273792,68463.2,68481.4
1,11,0.187015,68760.3,68789.1
1,12,0.00353057,68979,69009.7
1,13,0.000335745,69026,69063.7
1,14,0.541026,69063.7,69090.4
1,15,1.02892,69635.4,69663.5
1,16,1.4558,70698,70722.6
1,17,1.33439,72183.3,72217.1
1,18,0.1916,73558.4,73589.2
1,19,4.1145,73792.8,73810.5
1,20,1.07637,77934,77955.5
1,21,2.61713,79043.6,79077.6
1,22,0.428758,81702.3,81726.4
1,23,3.16643,82155.4,82179.8
1,24,5.20764,85358.9,85383
1,25,0.0931672,90594.3,90668.8
1,26,1.41654,90766.8,90784.2
1,27,1.42853,92204.4,92232.2
1,28,0.584302,93673.3,93694.4
1,29,0.406285,94282.8,94306.4
1,30,0.194922,94720.3,94738.2
1,31,0.351479,94939.1,94957
1,32,0.796105,95314.1,95331.6
1,33,1.74129,96142.3,96165.9
1,34,0.325676,97908.8,97929.9
1,35,0.834137,98268.2,98298.7
1,36,0.859069,99143.4,99170.8
1,37,0.0574001,100034,100096
1,38,0.324638,100159,100189
1,39,2.44534,100518,100549
1,40,0.563655,103003,103037
1,41,1.04929,103613,103637
1,42,0.338662,104691,104722
1,43,0.545592,105066,105100
1,44,0.613699,105660,105698
1,45,1.11973,106318,106356
1,46,2.07549,107475,107513
1,47,1.64031,109601,109636
1,48,0.940836,111288,111366
1,49,0.241504,112321,112361
1,50,0.725459,112605,112637
1,51,0.0110666,113364,113403
1,52,0.314181,113426,113451
1,53,1.16884,113772,113794
1,54,1.95577,114973,115000
1,55,0.461563,116964,116991
1,56,0.780434,117464,117484
1,57,3.0317,118267,118301
1,58,0.392721,121339,121377
1,59,0.751938,121779,121812
1,60,2.10535,122576,122595
1,61,0.0569051,124703,124728
1,62,2.15042,124796,124824
1,63,0.109659,126984,127009
1,64,0.403569,127125,127158
1,65,1.31325,127562,127580
1,66,0.93721,128899,128917
1,67,2.9193,129858,129878
1,68,0.0373531,132810,132834
1,69,0.419085,132872,132905
1,70,2.06337,133326,133351
1,71,0.144054,135424,135452
1,72,0.216044,135611,135640
1,73,0.595321,135867,135891
1,74,1.81901,136499,136533
1,75,1.89923,138359,138389
1,76,0.222067,140292,140329
1,77,0.818272,140557,140589
1,78,2.04685,141419,141448
1,79,0.753868,143497,143519
1,80,0.343147,144282,144302
1,81,0.992651,144659,144686
1,82,1.40191,145687,145706
1,83,0.620759,147109,147135
1,84,0.420609,147758,147776
1,85,0.307901,148211,148234
1,86,0.358432,148556,148582
1,87,0.818201,148954,148972
1,88,2.30495,149802,149824
1,89,1.10021,152129,152166
1,90,0.198776,153273,153300
1,91,3.68463,153509,153537
1,92,0.725654,157222,157250
1,93,0.452105,157985,158017
1,94,0.938076,158485,158512
1,95,2.48255,159465,159492
1,96,0.0571879,161987,162031
1,97,0.0900658,162097,162123
1,98,0.658527,162222,162248
1,99,1.16749,162911,162929
1,100,0.826496,164106,164125
1,101,1.07897,164964,164986
1,102,0.182686,166066,166102
1,103,1.26418,166286,166319
1,104,0.86355,167592,167633
1,105,1.4326,168497,168535
1,106,0.0188936,169983,170032
1,107,1.33247,170061,170120
1,108,0.332422,171456,171487
1,109,0.623596,171833,171864
1,110,1.79266,172499,172541
1,111,0.299979,174344,174367
1,112,0.19252,174674,174699
1,113,1.01438,174900,174932
1,114,0.760483,175962,175998
1,115,0.127985,176768,176819
1,116,3.95426,176955,176989
1,117,0.00592432,180956,180983
1,118,0.613347,181003,181034
1,119,3.28418,181661,181685
1,120,0.695615,184971,184995
1,121,1.80351,185698,185729
1,122,0.187811,187548,187570
1,123,0.513913,187767,187791
1,124,0.461053,188311,188332
1,125,1.78226,188797,188829
1,126,0.188966,190625,190653
1,127,2.30222,190844,190868
1,128,2.42873,193182,193206
1,129,0.326579,195646,195664
1,130,1.27397,195997,196026
1,131,0.066813,197300,197325
1,132,1.37663,197394,197422
1,133,1.19868,198801,198828
1,134,2.16066,200040,200064
1,135,0.341543,202236,202257
1,136,0.198856,202604,202621
1,137,0.379844,202822,202869
1,138,0.561472,203260,203285
1,139,0.320542,203846,203867
1,140,1.513,204191,204224
1,141,2.12812,205749,205766
1,142,7.06957,207906,207937
1,143,3.07645,215019,215043
1,144,0.236914,218134,218165
1,145,0.175378,218416,218434
1,146,1.71369,218619,218646
1,147,2.37334,220369,220393
1,148,0.651221,222776,222793
1,149,4.67593,223448,223465
1,150,2.39091,228145,228169
1,151,0.867384,230573,230590
1,152,0.313199,231469,231488
1,153,0.414329,231801,231840
1,154,0.670813,232255,232280
1,155,2.86577,232961,232982
1,156,0.91131,235861,235886
1,157,1.75976,236798,236823
1,158,0.398301,238595,238623
1,159,1.36032,239034,239061
1,160,0.911387,240425,240443
1,161,1.60509,241363,241394
1,162,0.603251,243004,243027
1,163,0.693027,243645,243663
1,164,0.510544,244363,244387
1,165,2.01452,244910,244935
1,166,0.753402,246957,246982
1,167,0.041424,247739,247767
1,168,0.399024,247817,247843
1,169,0.0859927,248255,248275
1,170,1.82711,248364,248385
1,171,1.19988,250224,250242
1,172,1.89641,251443,251464
1,173,0.00531692,253365,253409
1,174,0.860316,253418,253448
1,175,0.00218424,254309,254336
1,176,2.56062,254340,254370
1,177,0.516702,256934,256957
1,178,2.59631,257482,257511
1,179,0.908776,260122,260143
1,180,0.0780356,261060,261086
1,181,3.33033,261177,261198
1,182,0.122492,264537,264574
1,183,1.3616,264708,264742
1,184,1.62962,266115,266142
1,185,0.288836,267772,267805
1,186,0.978833,268100,268138
1,187,1.75959,269131,269159
1,188,0.511612,270929,270965
1,189,0.554336,271477,271511
1,190,0.874423,272071,272100
1,191,0.839093,272977,272995
1,192,0.565899,273837,273870
1,193,0.500022,274446,274474
1,194,0.172586,274978,274995
1,195,0.206566,275181,275208
1,196,0.5174,275415,275433
1,197,0.359968,275962,275994
1,198,0.626559,276353,276380
1,199,1.07852,277009,277034
1,200,1.86048,278119,278139
1,201,0.334331,280010,280034
1,202,0.647405,280369,280394
1,203,0.109696,281041,281067
1,204,1.55677,281182,281206
1,205,1.83296,282764,282781
1,206,0.553281,284629,284650
1,207,0.39469,285207,285238
1,208,0.590487,285644,285668
1,209,1.15073,286269,286297
1,210,0.774716,287457,287484
1,211,2.77301,288270,288297
1,212,0.330108,291082,291107
1,213,0.540038,291442,291460
1,214,0.525165,292004,292031
1,215,0.406383,292567,292591
1,216,0.239248,293005,293025
1,217,2.09335,293270,293299
1,218,0.606742,295395,295416
1,219,0.156059,296036,296069
1,220,0.101861,296240,296257
1,221,0.535276,296365,296389
1,222,0.349678,296927,296949
1,223,3.45574,297302,297320
1,224,0.444184,300787,300811
1,225,0.0261234,301256,301288
1,226,1.27066,301319,301339
1,227,0.619874,302616,302633
1,228,1.30321,303256,303273
1,229,1.92404,304585,304616
1,230,2.44255,306543,306565
1,231,0.154396,309012,309050
1,232,0.17719,309216,309253
1,233,0.324819,309434,309461
1,234,2.0516,309795,309819
1,235,1.22986,311873,311897
1,236,2.7873,313139,313166
1,237,2.82605,315959,315983
1,238,0.489232,318816,318835
1,239,0.218294,319332,319353
1,240,0.667483,319582,319610
1,241,0.88263,320285,320303
1,242,0.983502,321193,321225
1,243,1.32898,322222,322249
1,244,0.840966,323581,323598
1,245,0.759813,324448,324475
1,246,2.06754,325243,325266
1,247,1.24298,327348,327380
1,248,0.334195,328626,328658
1,249,1.27461,329001,329022
1,250,0.209364,330299,330330
1,251,0.045965,330549,330581
1,252,0.148963,330627,330654
1,253,0.353699,330815,330839
1,254,1.32416,331205,331236
1,255,0.0633938,332565,332584
1,256,2.26792,332658,332679
1,257,2.9943,334949,334980
1,258,0.266326,337981,338012
1,259,0.709667,338293,338325
1,260,0.544379,339043,339067
1,261,0.0493655,339621,339647
1,262,2.89011,339700,339717
1,263,0.146084,342622,342650
1,264,0.46735,342809,342841
1,265,1.2461,343310,343337
1,266,2.48127,344591,344659
1,267,0.751406,347143,347161
1,268,1.63066,347920,347948
1,269,1.36055,349593,349614
1,270,0.0917431,350988,351006
1,271,0.655295,351103,351125
1,272,0.452409,351795,351819
1,273,2.38355,352283,352314
1,274,0.779002,354701,354733
1,275,1.06686,355517,355541
1,276,0.769501,356612,356641
1,277,0.254627,357424,357452
1,278,0.742271,357709,357730
1,279,1.05751,358475,358502
1,280,0.411104,359568,359596
2,0,0.145662,60343.7,60375.4
2,1,0.351202,60531.2,60562.9
2,2,0.0496113,60922.2,60944.1
2,3,0.0849043,61000.6,61032.1
2,4,0.679122,61125.6,61145.7
2,5,2.1445,61828.8,61863.4
2,6,0.849217,64007.7,64057.2
2,7,1.59145,64915.6,64945.4
2,8,0.163045,66540.9,66591.1
2,9,1.7188,66759.6,66790.4
2,10,0.273792,68510.3,68537.2
2,11,0.187015,68822.9,68851.8
2,12,0.00353057,69041.6,69079.7
2,13,0.000335745,69088.5,69146.3
2,14,0.541026,69146.3,69167.7
2,15,1.02892,69713.6,69733.7
2,16,1.4558,70776.2,70796.5
2,17,1.33439,72261.4,72279.9
2,18,0.1916,73620.9,73654.2
2,19,4.1145,73855.3,73873.1
2,20,1.07637,77996.6,78027.1
2,21,2.61713,79105.9,79129.5
2,22,0.428758,81749.2,81781.6
2,23,3.16643,82218,82248.9
2,24,5.20764,85421.4,85449.2
2,25,0.0931672,90656.8,90681.5
2,26,1.41654,90782.4,90808.3
2,27,1.42853,92235.7,92270.8
2,28,0.584302,93704.6,93735.1
2,29,0.406285,94329.6,94376.1
2,30,0.194922,94782.8,94807.2
2,31,0.351479,95001.6,95030.4
2,32,0.796105,95392.1,95421
2,33,1.74129,96220.4,96242.2
2,34,0.325676,97987,98013.1
2,35,0.834137,98346.4,98366.5
2,36,0.859069,99205.8,99229.8
2,37,0.0574001,100096,100115
2,38,0.324638,100175,100200
2,39,2.44534,100534,100554
2,40,0.563655,103003,103036
2,41,1.04929,103613,103645
2,42,0.338662,104706,104726
2,43,0.545592,105066,105104
2,44,0.613699,105660,105690
2,45,1.11973,106318,106344
2,46,2.07549,107475,107509
2,47,1.64031,109585,109625
2,48,0.940836,111273,111341
2,49,0.241504,112290,112336
2,50,0.725459,112588,112606
2,51,0.0110666,113333,113357
2,52,0.314181,113380,113422
2,53,1.16884,113740,113758
2,54,1.95577,114926,114943
2,55,0.461563,116902,116925
2,56,0.780434,117386,117410
2,57,3.0317,118204,118226
2,58,0.392721,121261,121287
2,59,0.751938,121685,121712
2,60,2.10535,122466,122483
2,61,0.0569051,124593,124619
2,62,2.15042,124687,124720
2,63,0.109659,126875,126907
2,64,0.403569,127031,127048
2,65,1.31325,127453,127471
2,66,0.93721,128797,128820
2,67,2.9193,129764,129784
2,68,0.0373531,132716,132742
2,69,0.419085,132794,132816
2,70,2.06337,133248,133289
2,71,0.144054,135361,135394
2,72,0.216044,135549,135566
2,73,0.595321,135783,135826
2,74,1.81901,136421,136447
2,75,1.89923,138281,138312
2,76,0.222067,140213,140240
2,77,0.818272,140463,140496
2,78,2.04685,141323,141342
2,79,0.753868,143403,143434
2,80,0.343147,144187,144215
2,81,0.992651,144565,144594
2,82,1.40191,145593,145633
2,83,0.620759,147047,147067
2,84,0.420609,147687,147704
2,85,0.307901,148133,148163
2,86,0.358432,148477,148512
2,87,0.818201,148884,148915
2,88,2.30495,149739,149763
2,89,1.10021,152082,152099
2,90,0.198776,153201,153219
2,91,3.68463,153431,153457
2,92,0.725654,157143,157163
2,93,0.452105,157891,157944
2,94,0.938076,158407,158436
2,95,2.48255,159387,159429
2,96,0.0571879,161924,161966
2,97,0.0900658,162034,162064
2,98,0.658527,162160,162181
2,99,1.16749,162848,162868
2,100,0.826496,164043,164070
2,101,1.07897,164901,164923
2,102,0.182686,166003,166053
2,103,1.26418,166239,166269
2,104,0.86355,167545,167572
2,105,1.4326,168450,168470
2,106,0.0188936,169905,169922
2,107,1.33247,169952,169978
2,108,0.332422,171311,171335
2,109,0.623596,171675,171700
2,110,1.79266,172337,172364
2,111,0.299979,174171,174198
2,112,0.19252,174501,174532
2,113,1.01438,174736,174762
2,114,0.760483,175790,175817
2,115,0.127985,176580,176608
2,116,3.95426,176737,176792
2,117,0.00592432,180750,180778
2,118,0.613347,180797,180824
2,119,3.28418,181442,181469
2,120,0.695615,184767,184795
2,121,1.80351,185495,185512
2,122,0.187811,187329,187349
2,123,0.513913,187548,187568
2,124,0.461053,188092,188111
2,125,1.78226,188578,188598
2,126,0.188966,190391,190410
2,127,2.30222,190610,190630
2,128,2.42873,192932,192959
2,129,0.326579,195395,195412
2,130,1.27397,195740,195766
2,131,0.066813,197050,197067
2,132,1.37663,197144,197177
2,133,1.19868,198566,198593
2,134,2.16066,199804,199829
2,135,0.341543,201994,202061
2,136,0.198856,202408,202428
2,137,0.379844,202635,202669
2,138,0.561472,203057,203078
2,139,0.320542,203640,203662
2,140,1.513,203988,204023
2,141,2.12812,205546,205576
2,142,7.06957,207718,207750
2,143,3.07645,214832,214848
2,144,0.236914,217931,217951
2,145,0.175378,218197,218217
2,146,1.71369,218400,218418
2,147,2.37334,220135,220165
2,148,0.651221,222542,222574
2,149,4.67593,223229,223253
2,150,2.39091,227937,227954
2,151,0.867384,230354,230388
2,152,0.313199,231266,231292
2,153,0.414329,231610,231630
2,154,0.670813,232052,232078
2,155,2.86577,232758,232781
2,156,0.91131,235658,235694
2,157,1.75976,236611,236646
2,158,0.398301,238408,238439
2,159,1.36032,238847,238864
2,160,0.911387,240238,240260
2,161,1.60509,241175,241193
2,162,0.603251,242801,242818
2,163,0.693027,243426,243456
2,164,0.510544,244160,244178
2,165,2.01452,244692,244718
2,166,0.753402,246739,246770
2,167,0.041424,247536,247570
2,168,0.399024,247614,247644
2,169,0.0859927,248052,248083
2,170,1.82711,248177,248199
2,171,1.19988,250036,250066
2,172,1.89641,251271,251301
2,173,0.00531692,253209,253227
2,174,0.860316,253240,253258
2,175,0.00218424,254121,254138
2,176,2.56062,254153,254173
2,177,0.516702,256747,256767
2,178,2.59631,257294,257311
2,179,0.908776,259919,259940
2,180,0.0780356,260857,260877
2,181,3.33033,260967,260984
2,182,0.122492,264318,264345
2,183,1.3616,264474,264548
2,184,1.62962,265912,265939
2,185,0.288836,267569,267599
2,186,0.978833,267897,267920
2,187,1.75959,268913,268936
2,188,0.511612,270710,270737
2,189,0.554336,271258,271274
2,190,0.874423,271836,271853
2,191,0.839093,272727,272754
2,192,0.565899,273602,273620
2,193,0.500022,274196,274223
2,194,0.172586,274728,274747
2,195,0.206566,274931,274957
2,196,0.5174,275165,275186
2,197,0.359968,275712,275743
2,198,0.626559,276103,276130
2,199,1.07852,276759,276790
2,200,1.86048,277869,277886
2,201,0.334331,279760,279790
2,202,0.647405,280135,280159
2,203,0.109696,280807,280860
2,204,1.55677,280979,281002
2,205,1.83296,282561,282581
2,206,0.553281,284420,284447
2,207,0.39469,285004,285032
2,208,0.590487,285441,285471
2,209,1.15073,286066,286087
2,210,0.774716,287238,287265
2,211,2.77301,288051,288075
2,212,0.330108,290848,290874
2,213,0.540038,291207,291234
2,214,0.525165,291786,291807
2,215,0.406383,292333,292370
2,216,0.239248,292786,292802
2,217,2.09335,293052,293084
2,218,0.606742,295192,295223
2,219,0.156059,295833,295869
2,220,0.101861,296036,296057
2,221,0.535276,296161,296185
2,222,0.349678,296724,296754
2,223,3.45574,297115,297133
2,224,0.444184,300600,300617
2,225,0.0261234,301069,301090
2,226,1.27066,301131,301154
2,227,0.619874,302428,302459
2,228,1.30321,303084,303101
2,229,1.92404,304413,304447
2,230,2.44255,306382,306412
2,231,0.154396,308856,308881
2,232,0.17719,309044,309068
2,233,0.324819,309247,309274
2,234,2.0516,309606,309679
2,235,1.22986,311732,311771
2,236,2.7873,313014,313035
2,237,2.82605,315834,315856
2,238,0.489232,318691,318727
2,239,0.218294,319223,319249
2,240,0.667483,319473,319492
2,241,0.88263,320160,320193
2,242,0.983502,321080,321112
2,243,1.32898,322097,322118
2,244,0.840966,323456,323477
2,245,0.759813,324322,324339
2,246,2.06754,325102,325129
2,247,1.24298,327207,327230
2,248,0.334195,328484,328511
2,249,1.27461,328845,328863
2,250,0.209364,330142,330159
2,251,0.045965,330377,330395
2,252,0.148963,330455,330503
2,253,0.353699,330658,330680
2,254,1.32416,331033,331063
2,255,0.0633938,332393,332424
2,256,2.26792,332502,332519
2,257,2.9943,334793,334819
2,258,0.266326,337824,337842
2,259,0.709667,338121,338151
2,260,0.544379,338871,338903
2,261,0.0493655,339449,339476
2,262,2.89011,339528,339563
2,263,0.146084,342465,342481
2,264,0.46735,342637,342661
2,265,1.2461,343138,343159
2,266,2.48127,344419,344446
2,267,0.751406,346939,346968
2,268,1.63066,347727,347757
2,269,1.36055,349399,349432
2,270,0.0917431,350799,350821
2,271,0.655295,350925,350942
2,272,0.452409,351603,351637
2,273,2.38355,352096,352116
2,274,0.779002,354514,354537
2,275,1.06686,355328,355357
2,276,0.769501,356424,356447
2,277,0.254627,357221,357244
2,278,0.742271,357503,357532
2,279,1.05751,358287,358319
2,280,0.411104,359381,359400
2,281,0.69391,359819,359857
3,0,0.145662,60296.7,60335.8
3,1,0.351202,60484.3,60508.2
3,2,0.0496113,60859.4,60890.2
3,3,0.0849043,60953.4,60977.5
3,4,0.679122,61063.1,61117.3
3,5,2.1445,61797.6,61841.9
3,6,0.849217,63992.1,64043.4
3,7,1.59145,64900,64938.4
3,8,0.163045,66540.8,66592.8
3,9,1.7188,66759.5,66797.1
3,10,0.273792,68525.9,68556.6
3,11,0.187015,68838.5,68876
3,12,0.00353057,69072.9,69142.5
3,13,0.000335745,69151,69177.9
3,14,0.541026,69177.9,69206.9
3,15,1.02892,69760.4,69785.6
3,16,1.4558,70823.5,70844
3,17,1.33439,72308.3,72336.2
3,18,0.1916,73683.4,73717.2
3,19,4.1145,73917.8,73937.1
3,20,1.07637,78059.1,78090
3,21,2.61713,79170.7,79188.7
3,22,0.428758,81811.6,81834.8
3,23,3.16643,82264.8,82282.4
3,24,5.20764,85452.6,85484.4
3,25,0.0931672,90704,90735.3
3,26,1.41654,90829.2,90859.3
3,27,1.42853,92282.5,92300.4
3,28,0.584302,93735.7,93758.5
3,29,0.406285,94345.3,94379.8
3,30,0.194922,94798.4,94830.8
3,31,0.351479,95032.8,95050.9
3,32,0.796105,95407.9,95445.7
3,33,1.74129,96251.7,96273.7
3,34,0.325676,98018.2,98050.3
3,35,0.834137,98377.7,98399.9
3,36,0.859069,99237.1,99260.9
3,37,0.0574001,100128,100149
3,38,0.324638,100222,100251
3,39,2.44534,100581,100608
3,40,0.563655,103066,103084
3,41,1.04929,103659,103695
3,42,0.338662,104753,104785
3,43,0.545592,105128,105150
3,44,0.613699,105707,105737
3,45,1.11973,106365,106389
3,46,2.07549,107522,107546
3,47,1.64031,109632,109660
3,48,0.940836,111304,111349
3,49,0.241504,112290,112317
3,50,0.725459,112573,112595
3,51,0.0110666,113333,113352
3,52,0.314181,113364,113407
3,53,1.16884,113725,113748
3,54,1.95577,114926,114949
3,55,0.461563,116917,116938
3,56,0.780434,117402,117433
3,57,3.0317,118220,118252
3,58,0.392721,121292,121319
3,59,0.751938,121716,121737
3,60,2.10535,122498,122525
3,61,0.0569051,124640,124667
3,62,2.15042,124734,124758
3,63,0.109659,126922,126968
3,64,0.403569,127078,127109
3,65,1.31325,127515,127540
3,66,0.93721,128863,128894
3,67,2.9193,129842,129865
3,68,0.0373531,132794,132813
3,69,0.419085,132857,132878
3,70,2.06337,133310,133332
3,71,0.144054,135408,135435
3,72,0.216044,135580,135601
3,73,0.595321,135820,135847
3,74,1.81901,136452,136474
3,75,1.89923,138297,138316
3,76,0.222067,140229,140248
3,77,0.818272,140479,140507
3,78,2.04685,141339,141364
3,79,0.753868,143419,143438
3,80,0.343147,144203,144232
3,81,0.992651,144580,144603
3,82,1.40191,145609,145640
3,83,0.620759,147047,147082
3,84,0.420609,147703,147725
3,85,0.307901,148149,148181
3,86,0.358432,148493,148522
3,87,0.818201,148884,148903
3,88,2.30495,149724,149746
3,89,1.10021,152051,152087
3,90,0.198776,153194,153213
3,91,3.68463,153415,153438
3,92,0.725654,157127,157145
3,93,0.452105,157875,157939
3,94,0.938076,158407,158428
3,95,2.48255,159372,159411
3,96,0.0571879,161908,161957
3,97,0.0900658,162018,162052
3,98,0.658527,162144,162180
3,99,1.16749,162848,162887
3,100,0.826496,164059,164083
3,101,1.07897,164917,164957
3,102,0.182686,166050,166081
3,103,1.26418,166271,166317
3,104,0.86355,167592,167622
3,105,1.4326,168497,168543
3,106,0.0188936,169983,170031
3,107,1.33247,170061,170093
3,108,0.332422,171436,171486
3,109,0.623596,171833,171866
3,110,1.79266,172499,172547
3,111,0.299979,174344,174386
3,112,0.19252,174689,174731
3,113,1.01438,174931,174953
3,114,0.760483,175977,176008
3,115,0.127985,176783,176823
3,116,3.95426,176955,176984
3,117,0.00592432,180940,180965
3,118,0.613347,180972,180999
3,119,3.28418,181614,181644
3,120,0.695615,184939,184963
3,121,1.80351,185667,185690
3,122,0.187811,187501,187531
3,123,0.513913,187720,187747
3,124,0.461053,188264,188281
3,125,1.78226,188750,188768
3,126,0.188966,190563,190579
3,127,2.30222,190781,190803
3,128,2.42873,193120,193137
3,129,0.326579,195568,195602
3,130,1.27397,195935,195960
3,131,0.066813,197238,197272
3,132,1.37663,197347,197374
3,133,1.19868,198754,198780
3,134,2.16066,199993,200013
3,135,0.341543,202174,202199
3,136,0.198856,202551,202580
3,137,0.379844,202791,202855
3,138,0.561472,203244,203267
3,139,0.320542,203831,203855
3,140,1.513,204176,204198
3,141,2.12812,205718,205735
3,142,7.06957,207875,207898
3,143,3.07645,214972,214996
3,144,0.236914,218087,218117
3,145,0.175378,218369,218393
3,146,1.71369,218572,218603
3,147,2.37334,220323,220351
3,148,0.651221,222729,222747
3,149,4.67593,223401,223432
3,150,2.39091,228110,228131
3,151,0.867384,230526,230550
3,152,0.313199,231422,231453
3,153,0.414329,231782,231810
3,154,0.670813,232240,232259
3,155,2.86577,232930,232957
3,156,0.91131,235829,235860
3,157,1.75976,236783,236817
3,158,0.398301,238580,238605
3,159,1.36032,239003,239021
3,160,0.911387,240394,240415
3,161,1.60509,241332,241365
3,162,0.603251,242973,242994
3,163,0.693027,243598,243623
3,164,0.510544,244316,244344
3,165,2.01452,244863,244888
3,166,0.753402,246911,246938
3,167,0.041424,247692,247716
3,168,0.399024,247770,247791
3,169,0.0859927,248192,248217
3,170,1.82711,248302,248341
3,171,1.19988,250177,250204
3,172,1.89641,251412,251437
3,173,0.00531692,253334,253388
3,174,0.860316,253402,253422
3,175,0.00218424,254293,254322
3,176,2.56062,254324,254353
3,177,0.516702,256919,256943
3,178,2.59631,257466,257491
3,179,0.908776,260091,260113
3,180,0.0780356,261029,261058
3,181,3.33033,261146,261169
3,182,0.122492,264505,264574
3,183,1.3616,264708,264743
3,184,1.62962,266115,266150
3,185,0.288836,267787,267819
3,186,0.978833,268116,268141
3,187,1.75959,269131,269156
3,188,0.511612,270929,270961
3,189,0.554336,271477,271502
3,190,0.874423,272071,272107
3,191,0.839093,272993,273016
3,192,0.565899,273868,273897
3,193,0.500022,274477,274503
3,194,0.172586,275009,275045
3,195,0.206566,275228,275265
3,196,0.5174,275478,275503
3,197,0.359968,276025,276049
3,198,0.626559,276415,276443
3,199,1.07852,277072,277103
3,200,1.86048,278181,278203
3,201,0.334331,280073,280103
3,202,0.647405,280448,280471
3,203,0.109696,281120,281155
3,204,1.55677,281276,281299
3,205,1.83296,282858,282892
3,206,0.553281,284738,284756
3,207,0.39469,285316,285336
3,208,0.590487,285738,285773
3,209,1.15073,286363,286394
3,210,0.774716,287551,287572
3,211,2.77301,288348,288372
3,212,0.330108,291145,291173
3,213,0.540038,291504,291531
3,214,0.525165,292082,292150
3,215,0.406383,292676,292704
3,216,0.239248,293114,293141
3,217,2.09335,293395,293427
3,218,0.606742,295520,295541
3,219,0.156059,296161,296199
3,220,0.101861,296365,296393
3,221,0.535276,296505,296538
3,222,0.349678,297084,297110
3,223,3.45574,297474,297501
3,224,0.444184,300959,300986
3,225,0.0261234,301444,301470
3,226,1.27066,301506,301531
3,227,0.619874,302803,302847
3,228,1.30321,303475,303499
3,229,1.92404,304803,304821
3,230,2.44255,306747,306774
3,231,0.154396,309231,309268
3,232,0.17719,309434,309459
3,233,0.324819,309637,309672
3,234,2.0516,309998,310027
3,235,1.22986,312092,312116
3,236,2.7873,313357,313378
3,237,2.82605,316180,316198
3,238,0.489232,319035,319062
3,239,0.218294,319566,319598
3,240,0.667483,319816,319844
3,241,0.88263,320527,320548
3,242,0.983502,321444,321462
3,243,1.32898,322456,322480
3,244,0.840966,323816,323842
3,245,0.759813,324693,324717
3,246,2.06754,325477,325503
3,247,1.24298,327582,327613
3,248,0.334195,328861,328890
3,249,1.27461,329236,329267
3,250,0.209364,330549,330578
3,251,0.045965,330799,330839
3,252,0.148963,330893,330919
3,253,0.353699,331080,331102
3,254,1.32416,331455,331475
3,255,0.0633938,332815,332833
3,256,2.26792,332909,332933
3,257,2.9943,335215,335232
3,258,0.266326,338231,338251
3,259,0.709667,338528,338545
3,260,0.544379,339262,339280
3,261,0.0493655,339825,339851
3,262,2.89011,339903,339926
3,263,0.146084,342825,342856
3,264,0.46735,343013,343037
3,265,1.2461,343513,343536
3,266,2.48127,344794,344827
3,267,0.751406,347315,347342
3,268,1.63066,348108,348133
3,269,1.36055,349765,349782
3,270,0.0917431,351150,351172
3,271,0.655295,351275,351306
3,272,0.452409,351968,351988
3,273,2.38355,352455,352484
3,274,0.779002,354878,354899
3,275,1.06686,355689,355708
3,276,0.769501,356784,356805
3,277,0.254627,357583,357607
3,278,0.742271,357865,357896
3,279,1.05751,358646,358671
3,280,0.411104,359740,359758
4,0,0.145662,60171.7,60224.6
4,1,0.351202,60374.9,60410.5
4,2,0.0496113,60765.6,60833.2
4,3,0.0849043,60890.5,60929.4
4,4,0.679122,61016.2,61090.5
4,5,2.1445,61781.9,61820.2
4,6,0.849217,63976.5,63993.5
4,7,1.59145,64853.1,64876.3
4,8,0.163045,66478.3,66498.3
4,9,1.7188,66665.8,66690.1
4,10,0.273792,68416.3,68446.8
4,11,0.187015,68729.1,68759.6
4,12,0.00353057,68947.9,68984.5
4,13,0.000335745,68994.7,69031
4,14,0.541026,69031,69077.1
4,15,1.02892,69619.8,69637
4,16,1.4558,70666.8,70683.7
4,17,1.33439,72152,72175.8
4,18,0.1916,73511.5,73532.1
4,19,4.1145,73730.3,73750.3
4,20,1.07637,77871.6,77894.9
4,21,2.61713,78981.1,79009.4
4,22,0.428758,81639.8,81656.4
4,23,3.16643,82093,82120
4,24,5.20764,85296.4,85319.9
4,25,0.0931672,90531.8,90555.3
4,26,1.41654,90656.8,90696.5
4,27,1.42853,92126.3,92149.5
4,28,0.584302,93579.5,93597.6
4,29,0.406285,94189,94219.6
4,30,0.194922,94626.5,94658.1
4,31,0.351479,94860.9,94884.3
4,32,0.796105,95236,95259
4,33,1.74129,96064.2,96091.4
4,34,0.325676,97845.9,97865.4
4,35,0.834137,98205.8,98229.2
4,36,0.859069,99065.2,99086.8
4,37,0.0574001,99955.9,99981.1
4,38,0.324638,100050,100093
4,39,2.44534,100425,100486
4,40,0.563655,102941,102960
4,41,1.04929,103534,103566
4,42,0.338662,104628,104647
4,43,0.545592,104988,105012
4,44,0.613699,105566,105597
4,45,1.11973,106222,106261
4,46,2.07549,107381,107400
4,47,1.64031,109476,109507
4,48,0.940836,111148,111174
4,49,0.241504,112127,112144
4,50,0.725459,112400,112426
4,51,0.0110666,113160,113178
4,52,0.314181,113191,113229
4,53,1.16884,113553,113583
4,54,1.95577,114754,114775
4,55,0.461563,116745,116772
4,56,0.780434,117246,117262
4,57,3.0317,118058,118085
4,58,0.392721,121120,121143
4,59,0.751938,121542,121569
4,60,2.10535,122326,122356
4,61,0.0569051,124468,124485
4,62,2.15042,124546,124573
4,63,0.109659,126734,126757
4,64,0.403569,126875,126902
4,65,1.31325,127312,127329
4,66,0.93721,128656,128676
4,67,2.9193,129616,129636
4,68,0.0373531,132558,132591
4,69,0.419085,132636,132669
4,70,2.06337,133091,133115
4,71,0.144054,135189,135224
4,72,0.216044,135377,135408
4,73,0.595321,135627,135656
4,74,1.81901,136265,136283
4,75,1.89923,138109,138136
4,76,0.222067,140042,140068
4,77,0.818272,140292,140326
4,78,2.04685,141151,141183
4,79,0.753868,143231,143258
4,80,0.343147,144013,144040
4,81,0.992651,144392,144410
4,82,1.40191,145406,145434
4,83,0.620759,146844,146866
4,84,0.420609,147500,147533
4,85,0.307901,147961,147995
4,86,0.358432,148305,148328
4,87,0.818201,148696,148723
4,88,2.30495,149546,149583
4,89,1.10021,151895,151922
4,90,0.198776,153037,153068
4,91,3.68463,153273,153303
4,92,0.725654,157001,157024
4,93,0.452105,157750,157771
4,94,0.938076,158235,158262
4,95,2.48255,159215,159236
4,96,0.0571879,161720,161747
4,97,0.0900658,161814,161844
4,98,0.658527,161940,161969
4,99,1.16749,162629,162660
4,100,0.826496,163840,163870
4,101,1.07897,164697,164717
4,102,0.182686,165799,165815
4,103,1.26418,166003,166053
4,104,0.86355,167319,167335
4,105,1.4326,168209,168241
4,106,0.0188936,169686,169707
4,107,1.33247,169733,169753
4,108,0.332422,171092,171109
4,109,0.623596,171456,171491
4,110,1.79266,172115,172135
4,111,0.299979,173928,173959
4,112,0.19252,174266,174290
4,113,1.01438,174486,174504
4,114,0.760483,175524,175551
4,115,0.127985,176315,176338
4,116,3.95426,176471,176488
4,117,0.00592432,180456,180487
4,118,0.613347,180502,180529
4,119,3.28418,181144,181165
4,120,0.695615,184452,184482
4,121,1.80351,185192,185213
4,122,0.187811,187032,187061
4,123,0.513913,187251,187271
4,124,0.461053,187798,187831
4,125,1.78226,188295,188323
4,126,0.188966,190109,190129
4,127,2.30222,190328,190349
4,128,2.42873,192666,192691
4,129,0.326579,195133,195163
4,130,1.27397,195504,195531
4,131,0.066813,196810,196833
4,132,1.37663,196910,196937
4,133,1.19868,198316,198344
4,134,2.16066,199546,199573
4,135,0.341543,201736,201756
4,136,0.198856,202104,202121
4,137,0.379844,202330,202356
4,138,0.561472,202744,202765
4,139,0.320542,203327,203358
4,140,1.513,203689,203710
4,141,2.12812,205233,205257
4,142,7.06957,207390,207421
4,143,3.07645,214504,214536
4,144,0.236914,217619,217644
4,145,0.175378,217884,217913
4,146,1.71369,218103,218145
4,147,2.37334,219869,219900
4,148,0.651221,222276,222308
4,149,4.67593,222963,222987
4,150,2.39091,227668,227698
4,151,0.867384,230102,230139
4,152,0.313199,231010,231035
4,153,0.414329,231360,231384
4,154,0.670813,231801,231830
4,155,2.86577,232508,232531
4,156,0.91131,235408,235432
4,157,1.75976,236345,236379
4,158,0.398301,238142,238172
4,159,1.36032,238580,238611
4,160,0.911387,239972,239993
4,161,1.60509,240910,240938
4,162,0.603251,242551,242589
4,163,0.693027,243207,243240
4,164,0.510544,243941,243971
4,165,2.01452,244488,244506
4,166,0.753402,246520,246538
4,167,0.041424,247301,247323
4,168,0.399024,247379,247404
4,169,0.0859927,247817,247834
4,170,1.82711,247927,247955
4,171,1.19988,249786,249818
4,172,1.89641,251021,251054
4,173,0.00531692,252959,252980
4,174,0.860316,252990,253018
4,175,0.00218424,253887,253914
4,176,2.56062,253918,253951
4,177,0.516702,256512,256542
4,178,2.59631,257060,257086
4,179,0.908776,259685,259708
4,180,0.0780356,260623,260653
4,181,3.33033,260732,260763
4,182,0.122492,264099,264117
4,183,1.3616,264240,264260
4,184,1.62962,265630,265661
4,185,0.288836,267303,267334
4,186,0.978833,267631,267658
4,187,1.75959,268647,268674
4,188,0.511612,270444,270470
4,189,0.554336,270992,271026
4,190,0.874423,271586,271612
4,191,0.839093,272493,272520
4,192,0.565899,273368,273392
4,193,0.500022,273962,273988
4,194,0.172586,274493,274525
4,195,0.206566,274712,274744
4,196,0.5174,274962,274980
4,197,0.359968,275509,275539
4,198,0.626559,275900,275924
4,199,1.07852,276556,276577
4,200,1.86048,277666,277699
4,201,0.334331,279572,279593
4,202,0.647405,279932,279964
4,203,0.109696,280620,280644
4,204,1.55677,280760,280795
4,205,1.83296,282358,282377
4,206,0.553281,284217,284258
4,207,0.39469,284816,284836
4,208,0.590487,285238,285265
4,209,1.15073,285863,285886
4,210,0.774716,287051,287068
4,211,2.77301,287848,287865
4,212,0.330108,290645,290666
4,213,0.540038,291004,291022
4,214,0.525165,291567,291593
4,215,0.406383,292130,292170
4,216,0.239248,292583,292619
4,217,2.09335,292864,292887
4,218,0.606742,294989,295013
4,219,0.156059,295630,295651
4,220,0.101861,295817,295842
4,221,0.535276,295958,295981
4,222,0.349678,296521,296548
4,223,3.45574,296912,296934
4,224,0.444184,300397,300418
4,225,0.0261234,300865,300891
4,226,1.27066,300928,300945
4,227,0.619874,302225,302256
4,228,1.30321,302881,302905
4,229,1.92404,304210,304245
4,230,2.44255,306179,306206
4,231,0.154396,308653,308674
4,232,0.17719,308841,308873
4,233,0.324819,309059,309087
4,234,2.0516,309419,309440
4,235,1.22986,311498,311531
4,236,2.7873,312764,312807
4,237,2.82605,315609,315638
4,238,0.489232,318466,318495
4,239,0.218294,318988,319015
4,240,0.667483,319238,319269
4,241,0.88263,319950,319977
4,242,0.983502,320868,320895
4,243,1.32898,321884,321915
4,244,0.840966,323253,323273
4,245,0.759813,324128,324156
4,246,2.06754,324930,324948
4,247,1.24298,327020,327045
4,248,0.334195,328297,328322
4,249,1.27461,328658,328684
4,250,0.209364,329970,329988
4,251,0.045965,330205,330230
4,252,0.148963,330283,330309
4,253,0.353699,330471,330510
4,254,1.32416,330877,330903
4,255,0.0633938,332236,332263
4,256,2.26792,332330,332357
4,257,2.9943,334636,334659
4,258,0.266326,337668,337691
4,259,0.709667,337965,337982
4,260,0.544379,338699,338729
4,261,0.0493655,339278,339304
4,262,2.89011,339356,339379
4,263,0.146084,342278,342302
4,264,0.46735,342450,342479
4,265,1.2461,342950,342970
4,266,2.48127,344232,344248
4,267,0.751406,346735,346752
4,268,1.63066,347518,347540
4,269,1.36055,349176,349203
4,270,0.0917431,350579,350610
4,271,0.655295,350704,350734
4,272,0.452409,351400,351421
4,273,2.38355,351873,351894
4,274,0.779002,354279,354299
4,275,1.06686,355088,355109
4,276,0.769501,356189,356216
4,277,0.254627,356987,357017
4,278,0.742271,357284,357317
4,279,1.05751,358068,358094
4,280,0.411104,359162,359190
4,281,0.69391,359615,359638
5,0,0.145662,60296.8,60336.7
5,1,0.351202,60484.3,60506.5
5,2,0.0496113,60859.4,60884.3
5,3,0.0849043,60937.8,60965.5
5,4,0.679122,61063.1,61115.3
5,5,2.1445,61797.6,61842.8
5,6,0.849217,63992.2,64030.6
5,7,1.59145,64884.4,64919.2
5,8,0.163045,66525.2,66561
5,9,1.7188,66728.3,66746.4
5,10,0.273792,68478.8,68507.8
5,11,0.187015,68791.6,68812.4
5,12,0.00353057,69010.3,69033.3
5,13,0.000335745,69041.6,69090.6
5,14,0.541026,69090.6,69123.5
5,15,1.02892,69666.6,69684.6
5,16,1.4558,70713.6,70738.7
5,17,1.33439,72198.9,72218.1
5,18,0.1916,73558.4,73575.9
5,19,4.1145,73777.2,73804.4
5,20,1.07637,77934.1,77957.1
5,21,2.61713,79043.5,79065.4
5,22,0.428758,81686.6,81704.5
5,23,3.16643,82139.8,82158
5,24,5.20764,85327.7,85359.2
5,25,0.0931672,90578.7,90605.4
5,26,1.41654,90704,90737.1
5,27,1.42853,92157.6,92188.8
5,28,0.584302,93626.4,93647.5
5,29,0.406285,94235.9,94260
5,30,0.194922,94673.4,94691.7
5,31,0.351479,94892.2,94916.7
5,32,0.796105,95282.8,95301
5,33,1.74129,96111.1,96128.7
5,34,0.325676,97877.1,97904.5
5,35,0.834137,98237,98267.5
5,36,0.859069,99112.1,99136.3
5,37,0.0574001,100003,100033
5,38,0.324638,100096,100131
5,39,2.44534,100456,100495
5,40,0.563655,102941,102974
5,41,1.04929,103550,103575
5,42,0.338662,104628,104650
5,43,0.545592,105003,105023
5,44,0.613699,105582,105613
5,45,1.11973,106238,106264
5,46,2.07549,107397,107424
5,47,1.64031,109507,109527
5,48,0.940836,111179,111210
5,49,0.241504,112159,112189
5,50,0.725459,112431,112454
5,51,0.0110666,113191,113228
5,52,0.314181,113255,113273
5,53,1.16884,113600,113631
5,54,1.95577,114801,114832
5,55,0.461563,116792,116810
5,56,0.780434,117277,117294
5,57,3.0317,118089,118115
5,58,0.392721,121151,121171
5,59,0.751938,121574,121592
5,60,2.10535,122357,122385
5,61,0.0569051,124499,124531
5,62,2.15042,124593,124631
5,63,0.109659,126797,126824
5,64,0.403569,126937,126965
5,65,1.31325,127375,127408
5,66,0.93721,128734,128758
5,67,2.9193,129702,129719
5,68,0.0373531,132652,132683
5,69,0.419085,132732,132770
5,70,2.06337,133201,133259
5,71,0.144054,135330,135357
5,72,0.216044,135502,135524
5,73,0.595321,135752,135794
5,74,1.81901,136390,136421
5,75,1.89923,138250,138280
5,76,0.222067,140182,140213
5,77,0.818272,140448,140466
5,78,2.04685,141292,141323
5,79,0.753868,143372,143403
5,80,0.343147,144156,144177
5,81,0.992651,144533,144558
5,82,1.40191,145562,145593
5,83,0.620759,147000,147031
5,84,0.420609,147656,147685
5,85,0.307901,148118,148140
5,86,0.358432,148462,148483
5,87,0.818201,148853,148880
5,88,2.30495,149708,149732
5,89,1.10021,152051,152072
5,90,0.198776,153178,153212
5,91,3.68463,153415,153443
5,92,0.725654,157143,157162
5,93,0.452105,157891,157961
5,94,0.938076,158422,158441
5,95,2.48255,159387,159419
5,96,0.0571879,161908,161941
5,97,0.0900658,162003,162036
5,98,0.658527,162129,162151
5,99,1.16749,162817,162848
5,100,0.826496,164028,164054
5,101,1.07897,164886,164903
5,102,0.182686,165987,166024
5,103,1.26418,166207,166238
5,104,0.86355,167513,167534
5,105,1.4326,168404,168422
5,106,0.0188936,169858,169891
5,107,1.33247,169920,169948
5,108,0.332422,171296,171313
5,109,0.623596,171660,171681
5,110,1.79266,172305,172332
5,111,0.299979,174139,174157
5,112,0.19252,174470,174492
5,113,1.01438,174689,174727
5,114,0.760483,175743,175771
5,115,0.127985,176533,176558
5,116,3.95426,176690,176720
5,117,0.00592432,180688,180720
5,118,0.613347,180735,180768
5,119,3.28418,181395,181426
5,120,0.695615,184720,184738
5,121,1.80351,185448,185479
5,122,0.187811,187298,187330
5,123,0.513913,187532,187554
5,124,0.461053,188076,188111
5,125,1.78226,188578,188602
5,126,0.188966,190391,190418
5,127,2.30222,190609,190641
5,128,2.42873,192948,192972
5,129,0.326579,195410,195439
5,130,1.27397,195771,195789
5,131,0.066813,197066,197090
5,132,1.37663,197160,197185
5,133,1.19868,198566,198592
5,134,2.16066,199804,199826
5,135,0.341543,201994,202055
5,136,0.198856,202408,202435
5,137,0.379844,202635,202659
5,138,0.561472,203041,203063
5,139,0.320542,203640,203667
5,140,1.513,203988,204019
5,141,2.12812,205546,205565
5,142,7.06957,207703,207724
5,143,3.07645,214800,214818
5,144,0.236914,217900,217930
5,145,0.175378,218181,218203
5,146,1.71369,218384,218417
5,147,2.37334,220135,220157
5,148,0.651221,222542,222565
5,149,4.67593,223229,223260
5,150,2.39091,227937,227964
5,151,0.867384,230369,230409
5,152,0.313199,231282,231306
5,153,0.414329,231626,231652
5,154,0.670813,232068,232095
5,155,2.86577,232774,232795
5,156,0.91131,235673,235707
5,157,1.75976,236626,236663
5,158,0.398301,238424,238468
5,159,1.36032,238878,238908
5,160,0.911387,240269,240298
5,161,1.60509,241222,241249
5,162,0.603251,242863,242886
5,163,0.693027,243504,243532
5,164,0.510544,244238,244256
5,165,2.01452,244770,244806
5,166,0.753402,246832,246867
5,167,0.041424,247629,247657
5,168,0.399024,247708,247754
5,169,0.0859927,248161,248187
5,170,1.82711,248286,248321
5,171,1.19988,250161,250199
5,172,1.89641,251412,251436
5,173,0.00531692,253334,253382
5,174,0.860316,253388,253418
5,175,0.00218424,254293,254332
5,176,2.56062,254340,254370
5,177,0.516702,256934,256955
5,178,2.59631,257481,257517
5,179,0.908776,260122,260143
5,180,0.0780356,261060,261081
5,181,3.33033,261161,261179
5,182,0.122492,264521,264581
5,183,1.3616,264709,264741
5,184,1.62962,266115,266138
5,185,0.288836,267772,267802
5,186,0.978833,268100,268131
5,187,1.75959,269116,269147
5,188,0.511612,270913,270953
5,189,0.554336,271477,271508
5,190,0.874423,272071,272110
5,191,0.839093,272993,273020
5,192,0.565899,273868,273897
5,193,0.500022,274462,274494
5,194,0.172586,275009,275025
5,195,0.206566,275212,275238
5,196,0.5174,275447,275464
5,197,0.359968,275994,276024
5,198,0.626559,276384,276415
5,199,1.07852,277056,277074
5,200,1.86048,278166,278192
5,201,0.334331,280057,280079
5,202,0.647405,280416,280448
5,203,0.109696,281104,281128
5,204,1.55677,281245,281275
5,205,1.83296,282842,282872
5,206,0.553281,284707,284734
5,207,0.39469,285301,285324
5,208,0.590487,285723,285754
5,209,1.15073,286348,286365
5,210,0.774716,287520,287537
5,211,2.77301,288317,288348
5,212,0.330108,291129,291153
5,213,0.540038,291489,291507
5,214,0.525165,292051,292082
5,215,0.406383,292614,292635
5,216,0.239248,293051,293084
5,217,2.09335,293333,293357
5,218,0.606742,295458,295482
5,219,0.156059,296099,296127
5,220,0.101861,296286,296307
5,221,0.535276,296411,296442
5,222,0.349678,296990,297007
5,223,3.45574,297365,297397
5,224,0.444184,300865,300890
5,225,0.0261234,301350,301367
5,226,1.27066,301397,301428
5,227,0.619874,302709,302756
5,228,1.30321,303381,303406
5,229,1.92404,304710,304730
5,230,2.44255,306668,306696
5,231,0.154396,309153,309173
5,232,0.17719,309341,309363
5,233,0.324819,309544,309568
5,234,2.0516,309904,309935
5,235,1.22986,311998,312016
5,236,2.7873,313248,313279
5,237,2.82605,316070,316094
5,238,0.489232,318926,318950
5,239,0.218294,319441,319474
5,240,0.667483,319707,319728
5,241,0.88263,320396,320416
5,242,0.983502,321302,321334
5,243,1.32898,322331,322351
5,244,0.840966,323691,323708
5,245,0.759813,324552,324584
5,246,2.06754,325352,325377
5,247,1.24298,327457,327489
5,248,0.334195,328736,328766
5,249,1.27461,329111,329177
5,250,0.209364,330455,330489
5,251,0.045965,330705,330734
5,252,0.148963,330783,330801
5,253,0.353699,330955,330982
5,254,1.32416,331346,331370
5,255,0.0633938,332705,332736
5,256,2.26792,332815,332838
5,257,2.9943,335105,335123
5,258,0.266326,338121,338148
5,259,0.709667,338418,338439
5,260,0.544379,339153,339174
5,261,0.0493655,339731,339755
5,262,2.89011,339809,339838
5,263,0.146084,342731,342754
5,264,0.46735,342903,342933
5,265,1.2461,343403,343424
5,266,2.48127,344685,344709
5,267,0.751406,347205,347222
5,268,1.63066,347983,348011
5,269,1.36055,349656,349683
5,270,0.0917431,351051,351071
5,271,0.655295,351166,351193
5,272,0.452409,351858,351876
5,273,2.38355,352330,352355
5,274,0.779002,354748,354765
5,275,1.06686,355548,355572
5,276,0.769501,356643,356661
5,277,0.254627,357440,357467
5,278,0.742271,357725,357753
5,279,1.05751,358506,358537
5,280,0.411104,359600,359629
6,0,0.145662,60312.4,60339.2
6,1,0.351202,60499.8,60522.3
6,2,0.0496113,60874.9,60904.7
6,3,0.0849043,60969.1,60989.1
6,4,0.679122,61078.7,61104.9
6,5,2.1445,61797.6,61850.2
6,6,0.849217,64007.7,64050.9
6,7,1.59145,64915.6,64948.2
6,8,0.163045,66540.8,66583
6,9,1.7188,66759.6,66781.1
6,10,0.273792,68510.3,68537.4
6,11,0.187015,68822.8,68851.6
6,12,0.00353057,69041.7,69090.6
6,13,0.000335745,69104.1,69130.1
6,14,0.541026,69130.2,69147
6,15,1.02892,69697.9,69715.9
6,16,1.4558,70744.9,70764.9
6,17,1.33439,72230.1,72255.7
6,18,0.1916,73605.3,73639
6,19,4.1145,73839.7,73861.4
6,20,1.07637,77981,78002.2
6,21,2.61713,79090.5,79116.3
6,22,0.428758,81733.5,81764.3
6,23,3.16643,82202.3,82233.3
6,24,5.20764,85405.8,85452.7
6,25,0.0931672,90672.4,90696.4
6,26,1.41654,90798,90823.3
6,27,1.42853,92251.3,92277
6,28,0.584302,93720.2,93747
6,29,0.406285,94345.2,94372.9
6,30,0.194922,94782.8,94821.8
6,31,0.351479,95017.2,95046.6
6,32,0.796105,95407.9,95438.1
6,33,1.74129,96236.1,96263.6
6,34,0.325676,98018.3,98039.9
6,35,0.834137,98377.6,98403.1
6,36,0.859069,99252.7,99270.9
6,37,0.0574001,100143,100167
6,38,0.324638,100237,100272
6,39,2.44534,100597,100614
6,40,0.563655,103066,103095
6,41,1.04929,103659,103679
6,42,0.338662,104738,104756
6,43,0.545592,105097,105114
6,44,0.613699,105660,105690
6,45,1.11973,106318,106351
6,46,2.07549,107475,107507
6,47,1.64031,109585,109623
6,48,0.940836,111273,111352
6,49,0.241504,112306,112353
6,50,0.725459,112605,112639
6,51,0.0110666,113364,113399
6,52,0.314181,113411,113437
6,53,1.16884,113756,113783
6,54,1.95577,114957,114981
6,55,0.461563,116949,116965
6,56,0.780434,117433,117456
6,57,3.0317,118251,118280
6,58,0.392721,121323,121358
6,59,0.751938,121763,121793
6,60,2.10535,122545,122568
6,61,0.0569051,124687,124721
6,62,2.15042,124781,124806
6,63,0.109659,126969,127001
6,64,0.403569,127125,127157
6,65,1.31325,127562,127589
6,66,0.93721,128915,128938
6,67,2.9193,129889,129922
6,68,0.0373531,132841,132863
6,69,0.419085,132904,132927
6,70,2.06337,133357,133402
6,71,0.144054,135471,135498
6,72,0.216044,135643,135666
6,73,0.595321,135883,135906
6,74,1.81901,136515,136548
6,75,1.89923,138375,138404
6,76,0.222067,140307,140334
6,77,0.818272,140557,140579
6,78,2.04685,141404,141426
6,79,0.753868,143481,143506
6,80,0.343147,144266,144288
6,81,0.992651,144644,144661
6,82,1.40191,145656,145676
6,83,0.620759,147078,147106
6,84,0.420609,147734,147762
6,85,0.307901,148196,148214
6,86,0.358432,148524,148549
6,87,0.818201,148915,148938
6,88,2.30495,149771,149808
6,89,1.10021,152114,152132
6,90,0.198776,153242,153268
6,91,3.68463,153478,153500
6,92,0.725654,157190,157221
6,93,0.452105,157954,157981
6,94,0.938076,158438,158462
6,95,2.48255,159403,159425
6,96,0.0571879,161908,161953
6,97,0.0900658,162018,162045
6,98,0.658527,162144,162179
6,99,1.16749,162848,162893
6,100,0.826496,164075,164113
6,101,1.07897,164948,164970
6,102,0.182686,166050,166074
6,103,1.26418,166271,166316
6,104,0.86355,167592,167641
6,105,1.4326,168513,168553
6,106,0.0188936,169999,170038
6,107,1.33247,170061,170103
6,108,0.332422,171436,171484
6,109,0.623596,171818,171835
6,110,1.79266,172468,172491
6,111,0.299979,174297,174327
6,112,0.19252,174627,174644
6,113,1.01438,174838,174858
6,114,0.760483,175884,175911
6,115,0.127985,176674,176709
6,116,3.95426,176846,176863
6,117,0.00592432,180829,180855
6,118,0.613347,180875,180899
6,119,3.28418,181520,181551
6,120,0.695615,184846,184869
6,121,1.80351,185573,185596
6,122,0.187811,187407,187424
6,123,0.513913,187626,187653
6,124,0.461053,188170,188200
6,125,1.78226,188672,188702
6,126,0.188966,190485,190512
6,127,2.30222,190703,190734
6,128,2.42873,193042,193059
6,129,0.326579,195489,195518
6,130,1.27397,195849,195866
6,131,0.066813,197144,197161
6,132,1.37663,197238,197273
6,133,1.19868,198660,198687
6,134,2.16066,199889,199921
6,135,0.341543,202088,202106
6,136,0.198856,202457,202483
6,137,0.379844,202682,202706
6,138,0.561472,203088,203115
6,139,0.320542,203689,203719
6,140,1.513,204051,204070
6,141,2.12812,205593,205619
6,142,7.06957,207750,207767
6,143,3.07645,214847,214874
6,144,0.236914,217962,217982
6,145,0.175378,218228,218251
6,146,1.71369,218431,218449
6,147,2.37334,220166,220193
6,148,0.651221,222573,222601
6,149,4.67593,223260,223277
6,150,2.39091,227953,227972
6,151,0.867384,230369,230409
6,152,0.313199,231282,231318
6,153,0.414329,231641,231672
6,154,0.670813,232099,232116
6,155,2.86577,232789,232812
6,156,0.91131,235689,235712
6,157,1.75976,236626,236657
6,158,0.398301,238423,238458
6,159,1.36032,238862,238885
6,160,0.911387,240253,240276
6,161,1.60509,241191,241215
6,162,0.603251,242832,242853
6,163,0.693027,243457,243487
6,164,0.510544,244191,244215
6,165,2.01452,244738,244755
6,166,0.753402,246770,246793
6,167,0.041424,247551,247577
6,168,0.399024,247629,247663
6,169,0.0859927,248067,248098
6,170,1.82711,248192,248222
6,171,1.19988,250052,250075
6,172,1.89641,251287,251316
6,173,0.00531692,253225,253247
6,174,0.860316,253256,253285
6,175,0.00218424,254153,254178
6,176,2.56062,254184,254207
6,177,0.516702,256778,256795
6,178,2.59631,257325,257352
6,179,0.908776,259950,259974
6,180,0.0780356,260888,260916
6,181,3.33033,260998,261015
6,182,0.122492,264349,264379
6,183,1.3616,264505,264584
6,184,1.62962,265959,265989
6,185,0.288836,267631,267653
6,186,0.978833,267944,267970
6,187,1.75959,268959,268980
6,188,0.511612,270741,270769
6,189,0.554336,271289,271317
6,190,0.874423,271883,271911
6,191,0.839093,272790,272807
6,192,0.565899,273649,273666
6,193,0.500022,274243,274263
6,194,0.172586,274774,274801
6,195,0.206566,274978,275010
6,196,0.5174,275228,275260
6,197,0.359968,275790,275814
6,198,0.626559,276181,276208
6,199,1.07852,276837,276858
6,200,1.86048,277947,277965
6,201,0.334331,279838,279855
6,202,0.647405,280198,280214
6,203,0.109696,280870,280925
6,204,1.55677,281041,281062
6,205,1.83296,282623,282653
6,206,0.553281,284498,284522
6,207,0.39469,285082,285103
6,208,0.590487,285504,285527
6,209,1.15073,286129,286146
6,210,0.774716,287301,287331
6,211,2.77301,288113,288130
6,212,0.330108,290911,290927
6,213,0.540038,291270,291294
6,214,0.525165,291848,291869
6,215,0.406383,292395,292423
6,216,0.239248,292833,292864
6,217,2.09335,293114,293134
6,218,0.606742,295239,295263
6,219,0.156059,295880,295906
6,220,0.101861,296068,296091
6,221,0.535276,296193,296218
6,222,0.349678,296755,296778
6,223,3.45574,297130,297150
6,224,0.444184,300615,300633
6,225,0.0261234,301084,301119
6,226,1.27066,301147,301164
6,227,0.619874,302444,302474
6,228,1.30321,303100,303118
6,229,1.92404,304428,304450
6,230,2.44255,306382,306408
6,231,0.154396,308856,308888
6,232,0.17719,309044,309074
6,233,0.324819,309262,309295
6,234,2.0516,309622,309671
6,235,1.22986,311732,311766
6,236,2.7873,312998,313025
6,237,2.82605,315818,315842
6,238,0.489232,318676,318704
6,239,0.218294,319207,319243
6,240,0.667483,319473,319498
6,241,0.88263,320175,320198
6,242,0.983502,321096,321116
6,243,1.32898,322112,322143
6,244,0.840966,323472,323498
6,245,0.759813,324354,324380
6,246,2.06754,325149,325175
6,247,1.24298,327254,327282
6,248,0.334195,328533,328565
6,249,1.27461,328908,328931
6,250,0.209364,330220,330243
6,251,0.045965,330455,330503
6,252,0.148963,330549,330579
6,253,0.353699,330736,330755
6,254,1.32416,331111,331132
6,255,0.0633938,332471,332501
6,256,2.26792,332565,332597
6,257,2.9943,334871,334895
6,258,0.266326,337902,337919
6,259,0.709667,338199,338234
6,260,0.544379,338950,338968
6,261,0.0493655,339528,339562
6,262,2.89011,339621,339650
6,263,0.146084,342544,342561
6,264,0.46735,342715,342744
6,265,1.2461,343216,343237
6,266,2.48127,344497,344514
6,267,0.751406,347002,347022
6,268,1.63066,347779,347802
6,269,1.36055,349446,349470
6,270,0.0917431,350830,350853
6,271,0.655295,350957,350973
6,272,0.452409,351635,351684
6,273,2.38355,352142,352159
6,274,0.779002,354545,354563
6,275,1.06686,355344,355365
6,276,0.769501,356440,356464
6,277,0.254627,357237,357259
6,278,0.742271,357518,357542
6,279,1.05751,358287,358310
6,280,0.411104,359381,359401
6,281,0.69391,359818,359849
7,0,0.145662,60343.6,60369.7
7,1,0.351202,60515.6,60549.6
7,2,0.0496113,60906.6,60944.2
7,3,0.0849043,61000.6,61033.8
7,4,0.679122,61125.6,61143.6
7,5,2.1445,61828.8,61861.6
7,6,0.849217,64007.8,64032.4
7,7,1.59145,64884.4,64910.5
7,8,0.163045,66509.5,66541.5
7,9,1.7188,66712.7,66735.6
7,10,0.273792,68463.3,68498
7,11,0.187015,68775.9,68795.8
7,12,0.00353057,68994.7,69038.1
7,13,0.000335745,69041.6,69089.5
7,14,0.541026,69089.5,69134.5
7,15,1.02892,69682.3,69712
7,16,1.4558,70744.9,70773.1
7,17,1.33439,72230.2,72253.3
7,18,0.1916,73589.6,73616.2
7,19,4.1145,73808.4,73829
7,20,1.07637,77949.6,77969.3
7,21,2.61713,79059.1,79088.6
7,22,0.428758,81717.9,81747.6
7,23,3.16643,82186.7,82213.5
7,24,5.20764,85390.1,85408.3
7,25,0.0931672,90625.5,90680.8
7,26,1.41654,90782.4,90808
7,27,1.42853,92235.6,92271
7,28,0.584302,93704.5,93726.1
7,29,0.406285,94314,94351.8
7,30,0.194922,94767.1,94788.9
7,31,0.351479,94986,95008.2
7,32,0.796105,95361,95391.7
7,33,1.74129,96189.2,96209.7
7,34,0.325676,97955.7,97983.9
7,35,0.834137,98315.1,98332.8
7,36,0.859069,99174.6,99198.8
7,37,0.0574001,100065,100098
7,38,0.324638,100159,100182
7,39,2.44534,100518,100549
7,40,0.563655,103003,103022
7,41,1.04929,103597,103634
7,42,0.338662,104691,104713
7,43,0.545592,105066,105095
7,44,0.613699,105644,105670
7,45,1.11973,106287,106305
7,46,2.07549,107428,107449
7,47,1.64031,109538,109569
7,48,0.940836,111210,111231
7,49,0.241504,112175,112196
7,50,0.725459,112447,112474
7,51,0.0110666,113208,113247
7,52,0.314181,113270,113294
7,53,1.16884,113615,113646
7,54,1.95577,114817,114840
7,55,0.461563,116808,116836
7,56,0.780434,117308,117332
7,57,3.0317,118121,118148
7,58,0.392721,121183,121210
7,59,0.751938,121605,121633
7,60,2.10535,122388,122409
7,61,0.0569051,124515,124547
7,62,2.15042,124609,124639
7,63,0.109659,126797,126824
7,64,0.403569,126937,126979
7,65,1.31325,127390,127425
7,66,0.93721,128750,128778
7,67,2.9193,129717,129737
7,68,0.0373531,132668,132697
7,69,0.419085,132747,132781
7,70,2.06337,133201,133261
7,71,0.144054,135330,135359
7,72,0.216044,135518,135539
7,73,0.595321,135768,135819
7,74,1.81901,136421,136440
7,75,1.89923,138265,138288
7,76,0.222067,140198,140228
7,77,0.818272,140463,140502
7,78,2.04685,141323,141343
7,79,0.753868,143403,143423
7,80,0.343147,144187,144217
7,81,0.992651,144565,144595
7,82,1.40191,145593,145633
7,83,0.620759,147047,147086
7,84,0.420609,147719,147748
7,85,0.307901,148180,148205
7,86,0.358432,148524,148542
7,87,0.818201,148915,148944
7,88,2.30495,149771,149799
7,89,1.10021,152114,152147
7,90,0.198776,153258,153293
7,91,3.68463,153493,153522
7,92,0.725654,157222,157250
7,93,0.452105,157985,158021
7,94,0.938076,158485,158505
7,95,2.48255,159450,159482
7,96,0.0571879,161971,162012
7,97,0.0900658,162081,162104
7,98,0.658527,162207,162224
7,99,1.16749,162895,162923
7,100,0.826496,164090,164123
7,101,1.07897,164964,164993
7,102,0.182686,166081,166106
7,103,1.26418,166302,166326
7,104,0.86355,167592,167650
7,105,1.4326,168529,168561
7,106,0.0188936,169999,170032
7,107,1.33247,170061,170119
7,108,0.332422,171456,171507
7,109,0.623596,171849,171873
7,110,1.79266,172499,172532
7,111,0.299979,174328,174357
7,112,0.19252,174658,174687
7,113,1.01438,174885,174921
7,114,0.760483,175946,175968
7,115,0.127985,176737,176782
7,116,3.95426,176924,176945
7,117,0.00592432,180909,180926
7,118,0.613347,180940,180970
7,119,3.28418,181583,181608
7,120,0.695615,184892,184916
7,121,1.80351,185620,185638
7,122,0.187811,187454,187473
7,123,0.513913,187673,187704
7,124,0.461053,188217,188246
7,125,1.78226,188719,188746
7,126,0.188966,190531,190554
7,127,2.30222,190750,190782
7,128,2.42873,193089,193106
7,129,0.326579,195536,195557
7,130,1.27397,195888,195909
7,131,0.066813,197191,197215
7,132,1.37663,197285,197309
7,133,1.19868,198691,198722
7,134,2.16066,199930,199953
7,135,0.341543,202119,202148
7,136,0.198856,202504,202531
7,137,0.379844,202744,202766
7,138,0.561472,203151,203175
7,139,0.320542,203736,203760
7,140,1.513,204082,204099
7,141,2.12812,205624,205645
7,142,7.06957,207781,207799
7,143,3.07645,214879,214906
7,144,0.236914,217994,218011
7,145,0.175378,218259,218281
7,146,1.71369,218462,218494
7,147,2.37334,220213,220240
7,148,0.651221,222620,222648
7,149,4.67593,223307,223328
7,150,2.39091,228016,228034
7,151,0.867384,230432,230449
7,152,0.313199,231329,231351
7,153,0.414329,231672,231694
7,154,0.670813,232115,232149
7,155,2.86577,232820,232839
7,156,0.91131,235704,235722
7,157,1.75976,236642,236663
7,158,0.398301,238424,238461
7,159,1.36032,238862,238890
7,160,0.911387,240253,240284
7,161,1.60509,241207,241231
7,162,0.603251,242848,242874
7,163,0.693027,243488,243524
7,164,0.510544,244223,244258
7,165,2.01452,244770,244805
7,166,0.753402,246832,246867
7,167,0.041424,247629,247659
7,168,0.399024,247708,247760
7,169,0.0859927,248161,248187
7,170,1.82711,248286,248320
7,171,1.19988,250161,250188
7,172,1.89641,251396,251413
7,173,0.00531692,253319,253344
7,174,0.860316,253350,253380
7,175,0.00218424,254246,254270
7,176,2.56062,254278,254303
7,177,0.516702,256872,256889
7,178,2.59631,257419,257450
7,179,0.908776,260060,260090
7,180,0.0780356,261013,261048
7,181,3.33033,261130,261160
7,182,0.122492,264505,264568
7,183,1.3616,264693,264725
7,184,1.62962,266099,266131
7,185,0.288836,267772,267807
7,186,0.978833,268100,268128
7,187,1.75959,269116,269141
7,188,0.511612,270913,270953
7,189,0.554336,271477,271514
7,190,0.874423,272071,272103
7,191,0.839093,272993,273020
7,192,0.565899,273868,273910
7,193,0.500022,274478,274517
7,194,0.172586,275024,275060
7,195,0.206566,275243,275270
7,196,0.5174,275478,275502
7,197,0.359968,276025,276057
7,198,0.626559,276431,276449
7,199,1.07852,277088,277115
7,200,1.86048,278197,278228
7,201,0.334331,280104,280126
7,202,0.647405,280463,280487
7,203,0.109696,281135,281159
7,204,1.55677,281276,281298
7,205,1.83296,282858,282881
7,206,0.553281,284722,284745
7,207,0.39469,285301,285330
7,208,0.590487,285738,285766
7,209,1.15073,286363,286389
7,210,0.774716,287551,287577
7,211,2.77301,288363,288384
7,212,0.330108,291161,291189
7,213,0.540038,291520,291552
7,214,0.525165,292098,292169
7,215,0.406383,292708,292735
7,216,0.239248,293145,293176
7,217,2.09335,293426,293453
7,218,0.606742,295552,295579
7,219,0.156059,296193,296216
7,220,0.101861,296380,296399
7,221,0.535276,296505,296524
7,222,0.349678,297068,297091
7,223,3.45574,297443,297464
7,224,0.444184,300928,300948
7,225,0.0261234,301397,301419
7,226,1.27066,301459,301484
7,227,0.619874,302756,302819
7,228,1.30321,303444,303465
7,229,1.92404,304772,304790
7,230,2.44255,306715,306742
7,231,0.154396,309200,309224
7,232,0.17719,309387,309415
7,233,0.324819,309606,309654
7,234,2.0516,309982,310010
7,235,1.22986,312076,312103
7,236,2.7873,313342,313365
7,237,2.82605,316164,316191
7,238,0.489232,319019,319040
7,239,0.218294,319535,319567
7,240,0.667483,319785,319816
7,241,0.88263,320490,320507
7,242,0.983502,321397,321428
7,243,1.32898,322425,322445
7,244,0.840966,323784,323810
7,245,0.759813,324662,324690
7,246,2.06754,325462,325479
7,247,1.24298,327551,327582
7,248,0.334195,328830,328852
7,249,1.27461,329189,329213
7,250,0.209364,330502,330526
7,251,0.045965,330736,330761
7,252,0.148963,330814,330840
7,253,0.353699,331002,331027
7,254,1.32416,331393,331410
7,255,0.0633938,332736,332757
7,256,2.26792,332830,332854
7,257,2.9943,335137,335154
7,258,0.266326,338152,338215
7,259,0.709667,338496,338517
7,260,0.544379,339231,339262
7,261,0.0493655,339809,339838
7,262,2.89011,339903,339920
7,263,0.146084,342825,342853
7,264,0.46735,343013,343043
7,265,1.2461,343513,343538
7,266,2.48127,344794,344813
7,267,0.751406,347299,347329
7,268,1.63066,348092,348110
7,269,1.36055,349749,349780
7,270,0.0917431,351150,351171
7,271,0.655295,351275,351309
7,272,0.452409,351968,351989
7,273,2.38355,352455,352472
7,274,0.779002,354862,354879
7,275,1.06686,355674,355701
7,276,0.769501,356768,356790
7,277,0.254627,357568,357604
7,278,0.742271,357865,357895
7,279,1.05751,358647,358675
7,280,0.411104,359740,359770
8,0,0.145662,60203,60227.6
8,1,0.351202,60374.9,60396.3
8,2,0.0496113,60749.9,60772.8
8,3,0.0849043,60828,60851.8
8,4,0.679122,60937.8,60975.9
8,5,2.1445,61656.9,61688.7
8,6,0.849217,63844.7,63868.1
8,7,1.59145,64728.1,64745
8,8,0.163045,66337.6,66362.5
8,9,1.7188,66540.8,66589.8
8,10,0.273792,68322.4,68350.9
8,11,0.187015,68635.3,68652.7
8,12,0.00353057,68854.1,68876
8,13,0.000335745,68885.4,68909
8,14,0.541026,68909,68933.7
8,15,1.02892,69479.1,69505.6
8,16,1.4558,70541.8,70558.7
8,17,1.33439,72027,72055.9
8,18,0.1916,73402.1,73424.3
8,19,4.1145,73620.9,73652.8
8,20,1.07637,77777.8,77803.9
8,21,2.61713,78887.3,78904.7
8,22,0.428758,81530.3,81547.9
8,23,3.16643,81983.5,82000.1
8,24,5.20764,85171.4,85203.9
8,25,0.0931672,90422.2,90472.7
8,26,1.41654,90578.6,90610.7
8,27,1.42853,92032.5,92067.1
8,28,0.584302,93501.5,93529.6
8,29,0.406285,94126.5,94150.3
8,30,0.194922,94564,94590.2
8,31,0.351479,94798.5,94828.9
8,32,0.796105,95189.1,95206.8
8,33,1.74129,96017.4,96043.1
8,34,0.325676,97799,97822.1
8,35,0.834137,98158.9,98179.4
8,36,0.859069,99018.3,99046.5
8,37,0.0574001,99909,99935.2
8,38,0.324638,100003,100026
8,39,2.44534,100362,100392
8,40,0.563655,102847,102875
8,41,1.04929,103441,103476
8,42,0.338662,104535,104557
8,43,0.545592,104910,104930
8,44,0.613699,105488,105511
8,45,1.11973,106129,106151
8,46,2.07549,107272,107308
8,47,1.64031,109397,109425
8,48,0.940836,111070,111094
8,49,0.241504,112049,112074
8,50,0.725459,112321,112369
8,51,0.0110666,113097,113120
8,52,0.314181,113144,113170
8,53,1.16884,113490,113521
8,54,1.95577,114691,114715
8,55,0.461563,116683,116708
8,56,0.780434,117183,117207
8,57,3.0317,117996,118021
8,58,0.392721,121058,121082
8,59,0.751938,121480,121496
8,60,2.10535,122263,122286
8,61,0.0569051,124406,124442
8,62,2.15042,124500,124528
8,63,0.109659,126687,126717
8,64,0.403569,126828,126855
8,65,1.31325,127265,127287
8,66,0.93721,128609,128634
8,67,2.9193,129585,129613
8,68,0.0373531,132543,132570
8,69,0.419085,132621,132659
8,70,2.06337,133091,133116
8,71,0.144054,135189,135214
8,72,0.216044,135361,135392
8,73,0.595321,135611,135645
8,74,1.81901,136249,136272
8,75,1.89923,138093,138124
8,76,0.222067,140026,140065
8,77,0.818272,140292,140319
8,78,2.04685,141151,141175
8,79,0.753868,143231,143267
8,80,0.343147,144028,144054
8,81,0.992651,144407,144434
8,82,1.40191,145437,145454
8,83,0.620759,146859,146876
8,84,0.420609,147500,147528
8,85,0.307901,147961,147987
8,86,0.358432,148305,148332
8,87,0.818201,148696,148715
8,88,2.30495,149546,149568
8,89,1.10021,151879,151902
8,90,0.198776,153006,153038
8,91,3.68463,153242,153268
8,92,0.725654,156954,156985
8,93,0.452105,157719,157739
8,94,0.938076,158204,158224
8,95,2.48255,159169,159200
8,96,0.0571879,161689,161709
8,97,0.0900658,161767,161794
8,98,0.658527,161892,161934
8,99,1.16749,162598,162620
8,100,0.826496,163793,163813
8,101,1.07897,164650,164682
8,102,0.182686,165767,165798
8,103,1.26418,165987,166015
8,104,0.86355,167287,167312
8,105,1.4326,168178,168195
8,106,0.0188936,169639,169661
8,107,1.33247,169686,169713
8,108,0.332422,171045,171087
8,109,0.623596,171420,171450
8,110,1.79266,172084,172108
8,111,0.299979,173912,173929
8,112,0.19252,174235,174259
8,113,1.01438,174454,174475
8,114,0.760483,175493,175519
8,115,0.127985,176283,176309
8,116,3.95426,176439,176469
8,117,0.00592432,180424,180451
8,118,0.613347,180471,180502
8,119,3.28418,181129,181147
8,120,0.695615,184437,184472
8,121,1.80351,185176,185199
8,122,0.187811,187016,187051
8,123,0.513913,187251,187276
8,124,0.461053,187798,187817
8,125,1.78226,188280,188299
8,126,0.188966,190094,190122
8,127,2.30222,190313,190332
8,128,2.42873,192635,192667
8,129,0.326579,195101,195133
8,130,1.27397,195473,195496
8,131,0.066813,196779,196799
8,132,1.37663,196878,196905
8,133,1.19868,198285,198306
8,134,2.16066,199515,199536
8,135,0.341543,201705,201728
8,136,0.198856,202072,202099
8,137,0.379844,202299,202329
8,138,0.561472,202713,202737
8,139,0.320542,203312,203339
8,140,1.513,203674,203705
8,141,2.12812,205233,205261
8,142,7.06957,207390,207427
8,143,3.07645,214504,214542
8,144,0.236914,217619,217652
8,145,0.175378,217900,217928
8,146,1.71369,218103,218131
8,147,2.37334,219853,219877
8,148,0.651221,222260,222291
8,149,4.67593,222948,222979
8,150,2.39091,227668,227705
8,151,0.867384,230102,230139
8,152,0.313199,231010,231034
8,153,0.414329,231360,231380
8,154,0.670813,231801,231835
8,155,2.86577,232508,232538
8,156,0.91131,235408,235437
8,157,1.75976,236361,236394
8,158,0.398301,238158,238186
8,159,1.36032,238595,238620
8,160,0.911387,239987,240015
8,161,1.60509,240941,240959
8,162,0.603251,242566,242595
8,163,0.693027,243207,243237
8,164,0.510544,243941,243962
8,165,2.01452,244473,244496
8,166,0.753402,246520,246543
8,167,0.041424,247301,247332
8,168,0.399024,247379,247398
8,169,0.0859927,247801,247818
8,170,1.82711,247911,247942
8,171,1.19988,249771,249802
8,172,1.89641,251005,251037
8,173,0.00531692,252943,252967
8,174,0.860316,252975,252999
8,175,0.00218424,253871,253902
8,176,2.56062,253918,253951
8,177,0.516702,256512,256550
8,178,2.59631,257075,257099
8,179,0.908776,259700,259719
8,180,0.0780356,260638,260660
8,181,3.33033,260748,260772
8,182,0.122492,264115,264145
8,183,1.3616,264271,264293
8,184,1.62962,265662,265680
8,185,0.288836,267319,267340
8,186,0.978833,267631,267660
8,187,1.75959,268647,268676
8,188,0.511612,270444,270479
8,189,0.554336,270992,271021
8,190,0.874423,271586,271603
8,191,0.839093,272492,272515
8,192,0.565899,273368,273403
8,193,0.500022,273977,274001
8,194,0.172586,274509,274533
8,195,0.206566,274712,274739
8,196,0.5174,274946,274968
8,197,0.359968,275494,275520
8,198,0.626559,275884,275901
8,199,1.07852,276540,276568
8,200,1.86048,277650,277681
8,201,0.334331,279541,279559
8,202,0.647405,279901,279932
8,203,0.109696,280588,280615
8,204,1.55677,280729,280759
8,205,1.83296,282326,282353
8,206,0.553281,284186,284211
8,207,0.39469,284769,284792
8,208,0.590487,285191,285211
8,209,1.15073,285816,285846
8,210,0.774716,287004,287031
8,211,2.77301,287816,287846
8,212,0.330108,290629,290657
8,213,0.540038,290989,291016
8,214,0.525165,291567,291589
8,215,0.406383,292114,292180
8,216,0.239248,292598,292626
8,217,2.09335,292879,292900
8,218,0.606742,295005,295031
8,219,0.156059,295645,295669
8,220,0.101861,295833,295865
8,221,0.535276,295974,296007
8,222,0.349678,296552,296582
8,223,3.45574,296943,296974
8,224,0.444184,300443,300467
8,225,0.0261234,300912,300935
8,226,1.27066,300975,301005
8,227,0.619874,302287,302318
8,228,1.30321,302944,302964
8,229,1.92404,304272,304292
8,230,2.44255,306225,306242
8,231,0.154396,308700,308731
8,232,0.17719,308887,308907
8,233,0.324819,309091,309121
8,234,2.0516,309450,309478
8,235,1.22986,311545,311564
8,236,2.7873,312795,312827
8,237,2.82605,315625,315656
8,238,0.489232,318498,318521
8,239,0.218294,319019,319042
8,240,0.667483,319269,319298
8,241,0.88263,319966,319984
8,242,0.983502,320868,320901
8,243,1.32898,321899,321924
8,244,0.840966,323253,323277
8,245,0.759813,324128,324150
8,246,2.06754,324915,324942
8,247,1.24298,327020,327048
8,248,0.334195,328297,328320
8,249,1.27461,328658,328676
8,250,0.209364,329955,329972
8,251,0.045965,330189,330214
8,252,0.148963,330268,330290
8,253,0.353699,330439,330466
8,254,1.32416,330830,330863
8,255,0.0633938,332190,332214
8,256,2.26792,332283,332314
8,257,2.9943,334590,334617
8,258,0.266326,337621,337648
8,259,0.709667,337918,337942
8,260,0.544379,338653,338669
8,261,0.0493655,339215,339239
8,262,2.89011,339293,339317
8,263,0.146084,342216,342244
8,264,0.46735,342403,342426
8,265,1.2461,342903,342923
8,266,2.48127,344185,344210
8,267,0.751406,346704,346734
8,268,1.63066,347486,347504
8,269,1.36055,349145,349165
8,270,0.0917431,350532,350563
8,271,0.655295,350657,350688
8,272,0.452409,351353,351380
8,273,2.38355,351842,351864
8,274,0.779002,354248,354265
8,275,1.06686,355050,355067
8,276,0.769501,356143,356177
8,277,0.254627,356956,356986
8,278,0.742271,357253,357270
8,279,1.05751,358021,358049
8,280,0.411104,359115,359174
8,281,0.69391,359600,359624
9,0,0.145662,60203,60224.9
9,1,0.351202,60374.9,60405.3
9,2,0.0496113,60765.5,60833.5
9,3,0.0849043,60890.5,60915.5
9,4,0.679122,61000.6,61033.8
9,5,2.1445,61719.4,61740.1
9,6,0.849217,63898.3,63929.1
9,7,1.59145,64790.6,64816
9,8,0.163045,66415.7,66439.9
9,9,1.7188,66603.3,66630.6
9,10,0.273792,68353.6,68378.2
9,11,0.187015,68666.6,68698.8
9,12,0.00353057,68901,68929.6
9,13,0.000335745,68947.8,68978
9,14,0.541026,68978,69008.5
9,15,1.02892,69557.3,69588.8
9,16,1.4558,70619.9,70640.3
9,17,1.33439,72105.1,72136.6
9,18,0.1916,73480.3,73511.9
9,19,4.1145,73714.7,73733.3
9,20,1.07637,77855.9,77885.9
9,21,2.61713,78965.4,78987.1
9,22,0.428758,81608.5,81629.5
9,23,3.16643,82061.6,82079.1
9,24,5.20764,85249.5,85276.7
9,25,0.0931672,90484.7,90508.4
9,26,1.41654,90609.9,90671.2
9,27,1.42853,92095,92122
9,28,0.584302,93563.9,93586.7
9,29,0.406285,94173.3,94191.3
9,30,0.194922,94610.9,94639.5
9,31,0.351479,94845.4,94875.9
9,32,0.796105,95236,95268.9
9,33,1.74129,96079.9,96103.7
9,34,0.325676,97845.9,97868.5
9,35,0.834137,98205.7,98235.6
9,36,0.859069,99080.8,99112.1
9,37,0.0574001,99971.5,99991.3
9,38,0.324638,100050,100109
9,39,2.44534,100440,100494
9,40,0.563655,102941,102966
9,41,1.04929,103534,103558
9,42,0.338662,104613,104638
9,43,0.545592,104988,105016
9,44,0.613699,105566,105602
9,45,1.11973,106222,106261
9,46,2.07549,107381,107401
9,47,1.64031,109491,109524
9,48,0.940836,111179,111198
9,49,0.241504,112143,112161
9,50,0.725459,112416,112439
9,51,0.0110666,113175,113215
9,52,0.314181,113239,113269
9,53,1.16884,113584,113615
9,54,1.95577,114786,114807
9,55,0.461563,116777,116807
9,56,0.780434,117277,117306
9,57,3.0317,118089,118111
9,58,0.392721,121151,121174
9,59,0.751938,121574,121604
9,60,2.10535,122357,122381
9,61,0.0569051,124500,124531
9,62,2.15042,124593,124632
9,63,0.109659,126797,126831
9,64,0.403569,126953,126976
9,65,1.31325,127390,127425
9,66,0.93721,128750,128770
9,67,2.9193,129717,129738
9,68,0.0373531,132668,132692
9,69,0.419085,132732,132757
9,70,2.06337,133185,133210
9,71,0.144054,135283,135301
9,72,0.216044,135455,135493
9,73,0.595321,135721,135749
9,74,1.81901,136358,136386
9,75,1.89923,138218,138243
9,76,0.222067,140151,140169
9,77,0.818272,140401,140428
9,78,2.04685,141261,141281
9,79,0.753868,143341,143365
9,80,0.343147,144124,144143
9,81,0.992651,144486,144507
9,82,1.40191,145500,145531
9,83,0.620759,146937,146955
9,84,0.420609,147578,147605
9,85,0.307901,148039,148064
9,86,0.358432,148384,148411
9,87,0.818201,148775,148802
9,88,2.30495,149630,149654
9,89,1.10021,151973,152004
9,90,0.198776,153116,153137
9,91,3.68463,153336,153357
9,92,0.725654,157048,157075
9,93,0.452105,157813,157837
9,94,0.938076,158297,158328
9,95,2.48255,159278,159296
9,96,0.0571879,161783,161803
9,97,0.0900658,161861,161885
9,98,0.658527,161987,162034
9,99,1.16749,162707,162739
9,100,0.826496,163918,163936
9,101,1.07897,164776,164800
9,102,0.182686,165893,165917
9,103,1.26418,166113,166168
9,104,0.86355,167444,167475
9,105,1.4326,168341,168369
9,106,0.0188936,169811,169829
9,107,1.33247,169858,169889
9,108,0.332422,171233,171251
9,109,0.623596,171597,171628
9,110,1.79266,172258,172289
9,111,0.299979,174093,174113
9,112,0.19252,174423,174454
9,113,1.01438,174658,174689
9,114,0.760483,175712,175744
9,115,0.127985,176518,176536
9,116,3.95426,176674,176704
9,117,0.00592432,180672,180697
9,118,0.613347,180704,180727
9,119,3.28418,181348,181373
9,120,0.695615,184671,184703
9,121,1.80351,185401,185429
9,122,0.187811,187235,187258
9,123,0.513913,187454,187475
9,124,0.461053,187997,188021
9,125,1.78226,188484,188502
9,126,0.188966,190297,190332
9,127,2.30222,190531,190559
9,128,2.42873,192870,192897
9,129,0.326579,195331,195362
9,130,1.27397,195693,195721
9,131,0.066813,197003,197031
9,132,1.37663,197097,197125
9,133,1.19868,198504,198531
9,134,2.16066,199741,199763
9,135,0.341543,201932,201964
9,136,0.198856,202314,202338
9,137,0.379844,202551,202583
9,138,0.561472,202963,202994
9,139,0.320542,203562,203580
9,140,1.513,203909,203928
9,141,2.12812,205452,205476
9,142,7.06957,207609,207626
9,143,3.07645,214707,214731
9,144,0.236914,217822,217852
9,145,0.175378,218103,218131
9,146,1.71369,218322,218349
9,147,2.37334,220072,220100
9,148,0.651221,222479,222506
9,149,4.67593,223167,223192
9,150,2.39091,227871,227899
9,151,0.867384,230291,230312
9,152,0.313199,231188,231215
9,153,0.414329,231532,231555
9,154,0.670813,231974,231991
9,155,2.86577,232664,232682
9,156,0.91131,235548,235572
9,157,1.75976,236486,236518
9,158,0.398301,238283,238314
9,159,1.36032,238722,238754
9,160,0.911387,240128,240164
9,161,1.60509,241081,241112
9,162,0.603251,242723,242753
9,163,0.693027,243363,243391
9,164,0.510544,244098,244115
9,165,2.01452,244629,244661
9,166,0.753402,246676,246694
9,167,0.041424,247457,247475
9,168,0.399024,247520,247554
9,169,0.0859927,247958,247986
9,170,1.82711,248083,248102
9,171,1.19988,249943,249970
9,172,1.89641,251177,251195
9,173,0.00531692,253100,253127
9,174,0.860316,253147,253170
9,175,0.00218424,254043,254071
9,176,2.56062,254074,254101
9,177,0.516702,256669,256725
9,178,2.59631,257247,257275
9,179,0.908776,259872,259898
9,180,0.0780356,260810,260842
9,181,3.33033,260935,260953
9,182,0.122492,264287,264315
9,183,1.3616,264443,264475
9,184,1.62962,265849,265873
9,185,0.288836,267506,267527
9,186,0.978833,267819,267844
9,187,1.75959,268834,268866
9,188,0.511612,270632,270656
9,189,0.554336,271180,271198
9,190,0.874423,271758,271783
9,191,0.839093,272664,272684
9,192,0.565899,273524,273556
9,193,0.500022,274134,274158
9,194,0.172586,274665,274683
9,195,0.206566,274868,274885
9,196,0.5174,275103,275120
9,197,0.359968,275650,275667
9,198,0.626559,276040,276075
9,199,1.07852,276712,276737
9,200,1.86048,277822,277846
9,201,0.334331,279713,279745
9,202,0.647405,280088,280111
9,203,0.109696,280760,280820
9,204,1.55677,280932,280951
9,205,1.83296,282514,282539
9,206,0.553281,284373,284401
9,207,0.39469,284957,284974
9,208,0.590487,285379,285406
9,209,1.15073,286004,286021
9,210,0.774716,287176,287203
9,211,2.77301,287988,288016
9,212,0.330108,290801,290820
9,213,0.540038,291161,291194
9,214,0.525165,291739,291766
9,215,0.406383,292301,292340
9,216,0.239248,292755,292782
9,217,2.09335,293036,293059
9,218,0.606742,295161,295185
9,219,0.156059,295802,295824
9,220,0.101861,295989,296021
9,221,0.535276,296130,296147
9,222,0.349678,296693,296720
9,223,3.45574,297083,297104
9,224,0.444184,300568,300589
9,225,0.0261234,301037,301069
9,226,1.27066,301100,301126
9,227,0.619874,302397,302421
9,228,1.30321,303053,303078
9,229,1.92404,304397,304415
9,230,2.44255,306350,306374
9,231,0.154396,308825,308849
9,232,0.17719,309012,309043
9,233,0.324819,309231,309269
9,234,2.0516,309606,309666
9,235,1.22986,311732,311768
9,236,2.7873,312998,313018
9,237,2.82605,315818,315842
9,238,0.489232,318676,318713
9,239,0.218294,319207,319237
9,240,0.667483,319457,319482
9,241,0.88263,320160,320183
9,242,0.983502,321080,321104
9,243,1.32898,322097,322125
9,244,0.840966,323456,323487
9,245,0.759813,324338,324367
9,246,2.06754,325133,325161
9,247,1.24298,327239,327264
9,248,0.334195,328516,328539
9,249,1.27461,328876,328904
9,250,0.209364,330189,330209
9,251,0.045965,330424,330457
9,252,0.148963,330502,330525
9,253,0.353699,330674,330704
9,254,1.32416,331064,331093
9,255,0.0633938,332424,332451
9,256,2.26792,332518,332549
9,257,2.9943,334824,334855
9,258,0.266326,337856,337884
9,259,0.709667,338152,338215
9,260,0.544379,338934,338968
9,261,0.0493655,339528,339567
9,262,2.89011,339621,339652
9,263,0.146084,342544,342573
9,264,0.46735,342731,342763
9,265,1.2461,343232,343270
9,266,2.48127,344529,344560
9,267,0.751406,347049,347073
9,268,1.63066,347827,347847
9,269,1.36055,349477,349498
9,270,0.0917431,350861,350885
9,271,0.655295,350988,351018
9,272,0.452409,351682,351709
9,273,2.38355,352174,352195
9,274,0.779002,354592,354609
9,275,1.06686,355392,355413
9,276,0.769501,356487,356511
9,277,0.254627,357284,357309
9,278,0.742271,357568,357597
9,279,1.05751,358350,358370
9,280,0.411104,359428,359449
9,281,0.69391,359865,359886

0,0